"Longitude (x)","Latitude (y)","Station Name","Climate ID","Date/Time (LST)","Year","Month","Day","Time (LST)","Flag","Temp (°C)","Temp Flag","Dew Point Temp (°C)","Dew Point Temp Flag","Rel Hum (%)","Rel Hum Flag","Precip. Amount (mm)","Precip. Amount Flag","Wind Dir (10s deg)","Wind Dir Flag","Wind Spd (km/h)","Wind Spd Flag","Visibility (km)","Visibility Flag","Stn Press (kPa)","Stn Press Flag","Hmdx","Hmdx Flag","Wind Chill","Wind Chill Flag","Weather"
"-79.40","43.67","TORONTO CITY","6158355","2025-05-01 00:00","2025","05","01","00:00","","8.4","","-1.6","","49","","0.0","","","","","","","","100.67","","","","","","NA"
"-79.40","43.67","TORONTO CITY","6158355","2025-05-01 01:00","2025","05","01","01:00","","7.6","","-2.2","","50","","0.0","","","","","","","","100.65","","","","","","NA"
"-79.40","43.67","TORONTO CITY","6158355","2025-05-01 02:00","2025","05","01","02:00","","7.7","","-2.5","","48","","0.0","","","","","","","","100.61","","","","","","NA"
"-79.40","43.67","TORONTO CITY","6158355","2025-05-01 03:00","2025","05","01","03:00","","7.4","","-2.4","","50","","0.0","","","","","","","","100.56","","","","","","NA"
"-79.40","43.67","TORONTO CITY","6158355","2025-05-01 04:00","2025","05","01","04:00","","6.9","","-2.9","","50","","0.0","","","","","","","","100.53","","","","","","NA"
"-79.40","43.67","TORONTO CITY","6158355","2025-05-01 05:00","2025","05","01","05:00","","6.5","","-1.3","","57","","0.0","","","","","","","","100.51","","","","","","NA"
"-79.40","43.67","TORONTO CITY","6158355","2025-05-01 06:00","2025","05","01","06:00","","7.0","","-1.4","","55","","0.0","","","","","","","","100.51","","","","","","NA"
"-79.40","43.67","TORONTO CITY","6158355","2025-05-01 07:00","2025","05","01","07:00","","7.7","","-1.9","","51","","0.0","","","","","","","","100.50","","","","","","NA"
"-79.40","43.67","TORONTO CITY","6158355","2025-05-01 08:00","2025","05","01","08:00","","7.6","","-1.7","","52","","0.0","","","","","","","","100.47","","","","","","NA"
"-79.40","43.67","TORONTO CITY","6158355","2025-05-01 09:00","2025","05","01","09:00","","8.8","","0.8","","57","","0.0","","","","","","","","100.39","","","","","","NA"
"-79.40","43.67","TORONTO CITY","6158355","2025-05-01 10:00","2025","05","01","10:00","","9.0","","0.7","","56","","0.0","","","","","","","","100.44","","","","","","NA"
"-79.40","43.67","TORONTO CITY","6158355","2025-05-01 11:00","2025","05","01","11:00","","8.3","","3.2","","70","","1.0","","","","","","","","100.24","","","","","","NA"
"-79.40","43.67","TORONTO CITY","6158355","2025-05-01 12:00","2025","05","01","12:00","","9.2","","2.0","","61","","0.0","","","","","","","","100.06","","","","","","NA"
"-79.40","43.67","TORONTO CITY","6158355","2025-05-01 13:00","2025","05","01","13:00","","8.9","","2.0","","62","","0.2","","","","","","","","100.02","","","","","","NA"
"-79.40","43.67","TORONTO CITY","6158355","2025-05-01 14:00","2025","05","01","14:00","","10.0","","2.9","","61","","0.2","","","","","","","","99.85","","","","","","NA"
"-79.40","43.67","TORONTO CITY","6158355","2025-05-01 15:00","2025","05","01","15:00","","9.4","","4.0","","69","","1.9","","","","","","","","99.74","","","","","","NA"
"-79.40","43.67","TORONTO CITY","6158355","2025-05-01 16:00","2025","05","01","16:00","","10.3","","3.7","","64","","0.7","","","","","","","","99.60","","","","","","NA"
"-79.40","43.67","TORONTO CITY","6158355","2025-05-01 17:00","2025","05","01","17:00","","10.3","","6.0","","75","","2.3","","","","","","","","99.59","","","","","","NA"
"-79.40","43.67","TORONTO CITY","6158355","2025-05-01 18:00","2025","05","01","18:00","","9.8","","7.4","","85","","4.9","","","","","","","","99.54","","","","","","NA"
"-79.40","43.67","TORONTO CITY","6158355","2025-05-01 19:00","2025","05","01","19:00","","9.6","","7.8","","89","","0.2","","","","","","","","99.41","","","","","","NA"
"-79.40","43.67","TORONTO CITY","6158355","2025-05-01 20:00","2025","05","01","20:00","","8.6","","6.9","","90","","0.0","","","","","","","","99.47","","","","","","NA"
"-79.40","43.67","TORONTO CITY","6158355","2025-05-01 21:00","2025","05","01","21:00","","7.5","","6.2","","91","","0.2","","","","","","","","99.42","","","","","","NA"
"-79.40","43.67","TORONTO CITY","6158355","2025-05-01 22:00","2025","05","01","22:00","","7.7","","6.2","","90","","0.0","","","","","","","","99.37","","","","","","NA"
"-79.40","43.67","TORONTO CITY","6158355","2025-05-01 23:00","2025","05","01","23:00","","7.7","","6.2","","90","","0.0","","","","","","","","99.31","","","","","","NA"
"-79.40","43.67","TORONTO CITY","6158355","2025-05-02 00:00","2025","05","02","00:00","","8.4","","7.0","","91","","0.0","","","","","","","","99.20","","","","","","NA"
"-79.40","43.67","TORONTO CITY","6158355","2025-05-02 01:00","2025","05","02","01:00","","8.7","","7.5","","92","","0.1","","","","","","","","99.13","","","","","","NA"
"-79.40","43.67","TORONTO CITY","6158355","2025-05-02 02:00","2025","05","02","02:00","","9.3","","8.2","","93","","0.0","","","","","","","","99.10","","","","","","NA"
"-79.40","43.67","TORONTO CITY","6158355","2025-05-02 03:00","2025","05","02","03:00","","9.3","","8.1","","92","","0.0","","","","","","","","99.15","","","","","","NA"
"-79.40","43.67","TORONTO CITY","6158355","2025-05-02 04:00","2025","05","02","04:00","","9.8","","8.8","","94","","0.0","","","","","","","","99.14","","","","","","NA"
"-79.40","43.67","TORONTO CITY","6158355","2025-05-02 05:00","2025","05","02","05:00","","9.4","","8.5","","94","","0.0","","","","","","","","99.18","","","","","","NA"
"-79.40","43.67","TORONTO CITY","6158355","2025-05-02 06:00","2025","05","02","06:00","","10.1","","9.0","","93","","0.0","","","","","","","","99.23","","","","","","NA"
"-79.40","43.67","TORONTO CITY","6158355","2025-05-02 07:00","2025","05","02","07:00","","11.6","","9.6","","88","","0.0","","","","","","","","99.29","","","","","","NA"
"-79.40","43.67","TORONTO CITY","6158355","2025-05-02 08:00","2025","05","02","08:00","","14.6","","11.0","","79","","0.0","","","","","","","","99.30","","","","","","NA"
"-79.40","43.67","TORONTO CITY","6158355","2025-05-02 09:00","2025","05","02","09:00","","16.3","","9.7","","65","","0.0","","","","","","","","99.37","","","","","","NA"
"-79.40","43.67","TORONTO CITY","6158355","2025-05-02 10:00","2025","05","02","10:00","","17.2","","9.6","","61","","0.0","","","","","","","","99.40","","","","","","NA"
"-79.40","43.67","TORONTO CITY","6158355","2025-05-02 11:00","2025","05","02","11:00","","18.7","","9.3","","55","","0.0","","","","","","","","99.36","","","","","","NA"
"-79.40","43.67","TORONTO CITY","6158355","2025-05-02 12:00","2025","05","02","12:00","","19.0","","10.1","","56","","0.0","","","","","","","","99.44","","","","","","NA"
"-79.40","43.67","TORONTO CITY","6158355","2025-05-02 13:00","2025","05","02","13:00","","19.5","","9.6","","52","","0.0","","","","","","","","99.44","","","","","","NA"
"-79.40","43.67","TORONTO CITY","6158355","2025-05-02 14:00","2025","05","02","14:00","","20.3","","10.5","","53","","0.0","","","","","","","","99.49","","","","","","NA"
"-79.40","43.67","TORONTO CITY","6158355","2025-05-02 15:00","2025","05","02","15:00","","20.7","","10.0","","50","","0.0","","","","","","","","99.48","","","","","","NA"
"-79.40","43.67","TORONTO CITY","6158355","2025-05-02 16:00","2025","05","02","16:00","","20.7","","8.9","","47","","0.0","","","","","","","","99.47","","","","","","NA"
"-79.40","43.67","TORONTO CITY","6158355","2025-05-02 17:00","2025","05","02","17:00","","19.7","","9.2","","51","","0.0","","","","","","","","99.49","","","","","","NA"
"-79.40","43.67","TORONTO CITY","6158355","2025-05-02 18:00","2025","05","02","18:00","","18.0","","8.9","","55","","0.0","","","","","","","","99.55","","","","","","NA"
"-79.40","43.67","TORONTO CITY","6158355","2025-05-02 19:00","2025","05","02","19:00","","16.4","","8.3","","58","","0.0","","","","","","","","99.65","","","","","","NA"
"-79.40","43.67","TORONTO CITY","6158355","2025-05-02 20:00","2025","05","02","20:00","","12.7","","6.2","","64","","0.0","","","","","","","","99.75","","","","","","NA"
"-79.40","43.67","TORONTO CITY","6158355","2025-05-02 21:00","2025","05","02","21:00","","11.4","","5.1","","65","","0.0","","","","","","","","99.84","","","","","","NA"
"-79.40","43.67","TORONTO CITY","6158355","2025-05-02 22:00","2025","05","02","22:00","","9.9","","4.2","","68","","0.0","","","","","","","","99.93","","","","","","NA"
"-79.40","43.67","TORONTO CITY","6158355","2025-05-02 23:00","2025","05","02","23:00","","9.4","","4.0","","69","","0.0","","","","","","","","99.98","","","","","","NA"
"-79.40","43.67","TORONTO CITY","6158355","2025-05-03 00:00","2025","05","03","00:00","","9.3","","3.3","","66","","0.0","","","","","","","","99.96","","","","","","NA"
"-79.40","43.67","TORONTO CITY","6158355","2025-05-03 01:00","2025","05","03","01:00","","8.7","","2.8","","66","","0.0","","","","","","","","99.96","","","","","","NA"
"-79.40","43.67","TORONTO CITY","6158355","2025-05-03 02:00","2025","05","03","02:00","","8.6","","2.9","","67","","0.0","","","","","","","","99.97","","","","","","NA"
"-79.40","43.67","TORONTO CITY","6158355","2025-05-03 03:00","2025","05","03","03:00","","8.2","","3.2","","70","","0.0","","","","","","","","99.98","","","","","","NA"
"-79.40","43.67","TORONTO CITY","6158355","2025-05-03 04:00","2025","05","03","04:00","","7.7","","3.4","","74","","0.1","","","","","","","","99.98","","","","","","NA"
"-79.40","43.67","TORONTO CITY","6158355","2025-05-03 05:00","2025","05","03","05:00","","7.7","","3.3","","74","","0.0","","","","","","","","99.99","","","","","","NA"
"-79.40","43.67","TORONTO CITY","6158355","2025-05-03 06:00","2025","05","03","06:00","","7.5","","3.7","","77","","0.0","","","","","","","","100.06","","","","","","NA"
"-79.40","43.67","TORONTO CITY","6158355","2025-05-03 07:00","2025","05","03","07:00","","7.7","","4.3","","79","","0.0","","","","","","","","100.09","","","","","","NA"
"-79.40","43.67","TORONTO CITY","6158355","2025-05-03 08:00","2025","05","03","08:00","","8.4","","4.9","","79","","0.0","","","","","","","","100.09","","","","","","NA"
"-79.40","43.67","TORONTO CITY","6158355","2025-05-03 09:00","2025","05","03","09:00","","9.3","","4.7","","73","","0.0","","","","","","","","100.11","","","","","","NA"
"-79.40","43.67","TORONTO CITY","6158355","2025-05-03 10:00","2025","05","03","10:00","","9.7","","4.3","","69","","0.0","","","","","","","","100.09","","","","","","NA"
"-79.40","43.67","TORONTO CITY","6158355","2025-05-03 11:00","2025","05","03","11:00","","9.7","","4.3","","69","","0.0","","","","","","","","100.12","","","","","","NA"
"-79.40","43.67","TORONTO CITY","6158355","2025-05-03 12:00","2025","05","03","12:00","","9.9","","3.8","","66","","0.0","","","","","","","","100.11","","","","","","NA"
"-79.40","43.67","TORONTO CITY","6158355","2025-05-03 13:00","2025","05","03","13:00","","10.0","","4.1","","67","","0.0","","","","","","","","100.11","","","","","","NA"
"-79.40","43.67","TORONTO CITY","6158355","2025-05-03 14:00","2025","05","03","14:00","","9.6","","4.4","","70","","0.0","","","","","","","","100.10","","","","","","NA"
"-79.40","43.67","TORONTO CITY","6158355","2025-05-03 15:00","2025","05","03","15:00","","9.8","","5.0","","72","","0.0","","","","","","","","100.13","","","","","","NA"
"-79.40","43.67","TORONTO CITY","6158355","2025-05-03 16:00","2025","05","03","16:00","","10.0","","4.8","","70","","0.0","","","","","","","","100.09","","","","","","NA"
"-79.40","43.67","TORONTO CITY","6158355","2025-05-03 17:00","2025","05","03","17:00","","10.2","","5.3","","72","","0.0","","","","","","","","100.04","","","","","","NA"
"-79.40","43.67","TORONTO CITY","6158355","2025-05-03 18:00","2025","05","03","18:00","","9.7","","4.9","","72","","0.0","","","","","","","","100.04","","","","","","NA"
"-79.40","43.67","TORONTO CITY","6158355","2025-05-03 19:00","2025","05","03","19:00","","9.0","","5.1","","76","","0.0","","","","","","","","100.06","","","","","","NA"
"-79.40","43.67","TORONTO CITY","6158355","2025-05-03 20:00","2025","05","03","20:00","","8.9","","5.0","","77","","0.0","","","","","","","","100.06","","","","","","NA"
"-79.40","43.67","TORONTO CITY","6158355","2025-05-03 21:00","2025","05","03","21:00","","9.6","","4.8","","72","","0.0","","","","","","","","100.10","","","","","","NA"
"-79.40","43.67","TORONTO CITY","6158355","2025-05-03 22:00","2025","05","03","22:00","","9.5","","5.1","","74","","0.0","","","","","","","","100.15","","","","","","NA"
"-79.40","43.67","TORONTO CITY","6158355","2025-05-03 23:00","2025","05","03","23:00","","9.4","","3.4","","66","","0.0","","","","","","","","100.10","","","","","","NA"
"-79.40","43.67","TORONTO CITY","6158355","2025-05-04 00:00","2025","05","04","00:00","","8.8","","3.0","","67","","0.0","","","","","","","","100.09","","","","","","NA"
"-79.40","43.67","TORONTO CITY","6158355","2025-05-04 01:00","2025","05","04","01:00","","8.2","","2.3","","66","","0.0","","","","","","","","100.06","","","","","","NA"
"-79.40","43.67","TORONTO CITY","6158355","2025-05-04 02:00","2025","05","04","02:00","","7.9","","2.1","","67","","0.0","","","","","","","","100.04","","","","","","NA"
"-79.40","43.67","TORONTO CITY","6158355","2025-05-04 03:00","2025","05","04","03:00","","7.9","","2.4","","69","","0.0","","","","","","","","100.01","","","","","","NA"
"-79.40","43.67","TORONTO CITY","6158355","2025-05-04 04:00","2025","05","04","04:00","","8.0","","2.7","","69","","0.0","","","","","","","","100.04","","","","","","NA"
"-79.40","43.67","TORONTO CITY","6158355","2025-05-04 05:00","2025","05","04","05:00","","8.0","","3.0","","71","","0.0","","","","","","","","100.05","","","","","","NA"
"-79.40","43.67","TORONTO CITY","6158355","2025-05-04 06:00","2025","05","04","06:00","","8.4","","3.5","","72","","0.0","","","","","","","","100.10","","","","","","NA"
"-79.40","43.67","TORONTO CITY","6158355","2025-05-04 07:00","2025","05","04","07:00","","9.0","","4.2","","72","","0.0","","","","","","","","100.15","","","","","","NA"
"-79.40","43.67","TORONTO CITY","6158355","2025-05-04 08:00","2025","05","04","08:00","","11.2","","3.8","","60","","0.0","","","","","","","","100.18","","","","","","NA"
"-79.40","43.67","TORONTO CITY","6158355","2025-05-04 09:00","2025","05","04","09:00","","12.3","","3.6","","55","","0.0","","","","","","","","100.16","","","","","","NA"
"-79.40","43.67","TORONTO CITY","6158355","2025-05-04 10:00","2025","05","04","10:00","","14.1","","2.4","","45","","0.0","","","","","","","","100.17","","","","","","NA"
"-79.40","43.67","TORONTO CITY","6158355","2025-05-04 11:00","2025","05","04","11:00","","13.7","","2.0","","45","","0.0","","","","","","","","100.22","","","","","","NA"
"-79.40","43.67","TORONTO CITY","6158355","2025-05-04 12:00","2025","05","04","12:00","","14.5","","2.3","","44","","0.0","","","","","","","","100.22","","","","","","NA"
"-79.40","43.67","TORONTO CITY","6158355","2025-05-04 13:00","2025","05","04","13:00","","14.0","","2.1","","45","","0.0","","","","","","","","100.20","","","","","","NA"
"-79.40","43.67","TORONTO CITY","6158355","2025-05-04 14:00","2025","05","04","14:00","","14.9","","2.2","","42","","0.0","","","","","","","","100.18","","","","","","NA"
"-79.40","43.67","TORONTO CITY","6158355","2025-05-04 15:00","2025","05","04","15:00","","14.4","","2.6","","45","","0.0","","","","","","","","100.18","","","","","","NA"
"-79.40","43.67","TORONTO CITY","6158355","2025-05-04 16:00","2025","05","04","16:00","","14.2","","3.8","","50","","0.0","","","","","","","","100.14","","","","","","NA"
"-79.40","43.67","TORONTO CITY","6158355","2025-05-04 17:00","2025","05","04","17:00","","13.9","","3.6","","50","","0.0","","","","","","","","100.14","","","","","","NA"
"-79.40","43.67","TORONTO CITY","6158355","2025-05-04 18:00","2025","05","04","18:00","","13.4","","4.2","","54","","0.0","","","","","","","","100.16","","","","","","NA"
"-79.40","43.67","TORONTO CITY","6158355","2025-05-04 19:00","2025","05","04","19:00","","13.0","","3.5","","52","","0.0","","","","","","","","100.18","","","","","","NA"
"-79.40","43.67","TORONTO CITY","6158355","2025-05-04 20:00","2025","05","04","20:00","","12.9","","3.8","","54","","0.0","","","","","","","","100.20","","","","","","NA"
"-79.40","43.67","TORONTO CITY","6158355","2025-05-04 21:00","2025","05","04","21:00","","13.3","","3.5","","51","","0.0","","","","","","","","100.24","","","","","","NA"
"-79.40","43.67","TORONTO CITY","6158355","2025-05-04 22:00","2025","05","04","22:00","","13.2","","4.2","","54","","0.0","","","","","","","","100.26","","","","","","NA"
"-79.40","43.67","TORONTO CITY","6158355","2025-05-04 23:00","2025","05","04","23:00","","14.1","","4.5","","53","","0.0","","","","","","","","100.26","","","","","","NA"
"-79.40","43.67","TORONTO CITY","6158355","2025-05-05 00:00","2025","05","05","00:00","","14.5","","4.4","","51","","0.0","","","","","","","","100.25","","","","","","NA"
"-79.40","43.67","TORONTO CITY","6158355","2025-05-05 01:00","2025","05","05","01:00","","15.5","","4.5","","48","","0.0","","","","","","","","100.26","","","","","","NA"
"-79.40","43.67","TORONTO CITY","6158355","2025-05-05 02:00","2025","05","05","02:00","","16.0","","3.3","","43","","0.0","","","","","","","","100.25","","","","","","NA"
"-79.40","43.67","TORONTO CITY","6158355","2025-05-05 03:00","2025","05","05","03:00","","16.3","","3.6","","43","","0.0","","","","","","","","100.26","","","","","","NA"
"-79.40","43.67","TORONTO CITY","6158355","2025-05-05 04:00","2025","05","05","04:00","","16.2","","1.9","","38","","0.0","","","","","","","","100.27","","","","","","NA"
"-79.40","43.67","TORONTO CITY","6158355","2025-05-05 05:00","2025","05","05","05:00","","15.8","","2.0","","39","","0.0","","","","","","","","100.34","","","","","","NA"
"-79.40","43.67","TORONTO CITY","6158355","2025-05-05 06:00","2025","05","05","06:00","","15.4","","2.9","","43","","0.0","","","","","","","","100.38","","","","","","NA"
"-79.40","43.67","TORONTO CITY","6158355","2025-05-05 07:00","2025","05","05","07:00","","14.8","","3.5","","47","","0.0","","","","","","","","100.44","","","","","","NA"
"-79.40","43.67","TORONTO CITY","6158355","2025-05-05 08:00","2025","05","05","08:00","","15.3","","4.5","","48","","0.0","","","","","","","","100.49","","","","","","NA"
"-79.40","43.67","TORONTO CITY","6158355","2025-05-05 09:00","2025","05","05","09:00","","13.1","","4.4","","55","","0.0","","","","","","","","100.56","","","","","","NA"
"-79.40","43.67","TORONTO CITY","6158355","2025-05-05 10:00","2025","05","05","10:00","","13.8","","4.7","","54","","0.0","","","","","","","","100.53","","","","","","NA"
"-79.40","43.67","TORONTO CITY","6158355","2025-05-05 11:00","2025","05","05","11:00","","13.8","","6.5","","61","","0.0","","","","","","","","100.54","","","","","","NA"
"-79.40","43.67","TORONTO CITY","6158355","2025-05-05 12:00","2025","05","05","12:00","","12.8","","6.3","","65","","0.0","","","","","","","","100.54","","","","","","NA"
"-79.40","43.67","TORONTO CITY","6158355","2025-05-05 13:00","2025","05","05","13:00","","12.9","","9.4","","79","","0.0","","","","","","","","100.50","","","","","","NA"
"-79.40","43.67","TORONTO CITY","6158355","2025-05-05 14:00","2025","05","05","14:00","","13.3","","10.4","","83","","0.0","","","","","","","","100.46","","","","","","NA"
"-79.40","43.67","TORONTO CITY","6158355","2025-05-05 15:00","2025","05","05","15:00","","15.8","","11.5","","76","","0.0","","","","","","","","100.37","","","","","","NA"
"-79.40","43.67","TORONTO CITY","6158355","2025-05-05 16:00","2025","05","05","16:00","","17.1","","12.3","","73","","0.0","","","","","","","","100.33","","","","","","NA"
"-79.40","43.67","TORONTO CITY","6158355","2025-05-05 17:00","2025","05","05","17:00","","17.9","","12.0","","68","","0.0","","","","","","","","100.30","","","","","","NA"
"-79.40","43.67","TORONTO CITY","6158355","2025-05-05 18:00","2025","05","05","18:00","","17.6","","11.6","","68","","0.0","","","","","","","","100.24","","","","","","NA"
"-79.40","43.67","TORONTO CITY","6158355","2025-05-05 19:00","2025","05","05","19:00","","16.7","","11.7","","72","","0.0","","","","","","","","100.29","","","","","","NA"
"-79.40","43.67","TORONTO CITY","6158355","2025-05-05 20:00","2025","05","05","20:00","","15.4","","12.1","","81","","0.0","","","","","","","","100.29","","","","","","NA"
"-79.40","43.67","TORONTO CITY","6158355","2025-05-05 21:00","2025","05","05","21:00","","14.2","","12.7","","91","","0.4","","","","","","","","100.33","","","","","","NA"
"-79.40","43.67","TORONTO CITY","6158355","2025-05-05 22:00","2025","05","05","22:00","","13.6","","12.5","","93","","1.5","","","","","","","","100.23","","","","","","NA"
"-79.40","43.67","TORONTO CITY","6158355","2025-05-05 23:00","2025","05","05","23:00","","13.3","","12.3","","93","","0.0","","","","","","","","100.18","","","","","","NA"
"-79.40","43.67","TORONTO CITY","6158355","2025-05-06 00:00","2025","05","06","00:00","","12.2","","11.2","","93","","0.0","","","","","","","","100.12","","","","","","NA"
"-79.40","43.67","TORONTO CITY","6158355","2025-05-06 01:00","2025","05","06","01:00","","11.7","","10.7","","94","","0.0","","","","","","","","100.04","","","","","","NA"
"-79.40","43.67","TORONTO CITY","6158355","2025-05-06 02:00","2025","05","06","02:00","","10.3","","9.4","","94","","0.0","","","","","","","","100.04","","","","","","NA"
"-79.40","43.67","TORONTO CITY","6158355","2025-05-06 03:00","2025","05","06","03:00","","10.6","","9.8","","95","","0.2","","","","","","","","99.99","","","","","","NA"
"-79.40","43.67","TORONTO CITY","6158355","2025-05-06 04:00","2025","05","06","04:00","","9.0","","8.2","","95","","0.0","","","","","","","","100.03","","","","","","NA"
"-79.40","43.67","TORONTO CITY","6158355","2025-05-06 05:00","2025","05","06","05:00","","9.4","","8.6","","95","","0.3","","","","","","","","99.93","","","","","","NA"
"-79.40","43.67","TORONTO CITY","6158355","2025-05-06 06:00","2025","05","06","06:00","","9.2","","8.1","","93","","0.0","","","","","","","","100.04","","","","","","NA"
"-79.40","43.67","TORONTO CITY","6158355","2025-05-06 07:00","2025","05","06","07:00","","10.2","","8.9","","92","","0.0","","","","","","","","100.16","","","","","","NA"
"-79.40","43.67","TORONTO CITY","6158355","2025-05-06 08:00","2025","05","06","08:00","","11.7","","9.7","","88","","0.0","","","","","","","","100.18","","","","","","NA"
"-79.40","43.67","TORONTO CITY","6158355","2025-05-06 09:00","2025","05","06","09:00","","14.0","","10.3","","78","","0.0","","","","","","","","100.14","","","","","","NA"
"-79.40","43.67","TORONTO CITY","6158355","2025-05-06 10:00","2025","05","06","10:00","","15.2","","10.4","","73","","0.0","","","","","","","","100.15","","","","","","NA"
"-79.40","43.67","TORONTO CITY","6158355","2025-05-06 11:00","2025","05","06","11:00","","16.5","","10.6","","68","","0.0","","","","","","","","100.17","","","","","","NA"
"-79.40","43.67","TORONTO CITY","6158355","2025-05-06 12:00","2025","05","06","12:00","","18.1","","10.9","","63","","0.0","","","","","","","","100.14","","","","","","NA"
"-79.40","43.67","TORONTO CITY","6158355","2025-05-06 13:00","2025","05","06","13:00","","18.1","","10.0","","59","","0.0","","","","","","","","100.12","","","","","","NA"
"-79.40","43.67","TORONTO CITY","6158355","2025-05-06 14:00","2025","05","06","14:00","","19.1","","10.1","","56","","0.0","","","","","","","","100.05","","","","","","NA"
"-79.40","43.67","TORONTO CITY","6158355","2025-05-06 15:00","2025","05","06","15:00","","19.5","","10.0","","54","","0.0","","","","","","","","99.97","","","","","","NA"
"-79.40","43.67","TORONTO CITY","6158355","2025-05-06 16:00","2025","05","06","16:00","","19.6","","8.9","","50","","0.0","","","","","","","","99.93","","","","","","NA"
"-79.40","43.67","TORONTO CITY","6158355","2025-05-06 17:00","2025","05","06","17:00","","19.4","","8.4","","49","","0.0","","","","","","","","99.88","","","","","","NA"
"-79.40","43.67","TORONTO CITY","6158355","2025-05-06 18:00","2025","05","06","18:00","","18.1","","8.0","","52","","0.0","","","","","","","","99.87","","","","","","NA"
"-79.40","43.67","TORONTO CITY","6158355","2025-05-06 19:00","2025","05","06","19:00","","17.3","","8.2","","55","","0.0","","","","","","","","99.89","","","","","","NA"
"-79.40","43.67","TORONTO CITY","6158355","2025-05-06 20:00","2025","05","06","20:00","","14.8","","7.8","","63","","0.0","","","","","","","","99.89","","","","","","NA"
"-79.40","43.67","TORONTO CITY","6158355","2025-05-06 21:00","2025","05","06","21:00","","12.8","","8.0","","73","","0.0","","","","","","","","99.93","","","","","","NA"
"-79.40","43.67","TORONTO CITY","6158355","2025-05-06 22:00","2025","05","06","22:00","","13.2","","8.7","","74","","0.0","","","","","","","","99.90","","","","","","NA"
"-79.40","43.67","TORONTO CITY","6158355","2025-05-06 23:00","2025","05","06","23:00","","15.1","","9.9","","71","","0.0","","","","","","","","99.87","","","","","","NA"
"-79.40","43.67","TORONTO CITY","6158355","2025-05-07 00:00","2025","05","07","00:00","","15.2","","10.0","","71","","0.0","","","","","","","","99.88","","","","","","NA"
"-79.40","43.67","TORONTO CITY","6158355","2025-05-07 01:00","2025","05","07","01:00","","14.7","","9.7","","72","","0.0","","","","","","","","99.90","","","","","","NA"
"-79.40","43.67","TORONTO CITY","6158355","2025-05-07 02:00","2025","05","07","02:00","","14.2","","9.7","","74","","0.0","","","","","","","","99.91","","","","","","NA"
"-79.40","43.67","TORONTO CITY","6158355","2025-05-07 03:00","2025","05","07","03:00","","13.5","","9.8","","78","","0.0","","","","","","","","99.91","","","","","","NA"
"-79.40","43.67","TORONTO CITY","6158355","2025-05-07 04:00","2025","05","07","04:00","","13.1","","9.2","","78","","0.0","","","","","","","","99.95","","","","","","NA"
"-79.40","43.67","TORONTO CITY","6158355","2025-05-07 05:00","2025","05","07","05:00","","12.8","","8.8","","76","","0.0","","","","","","","","99.97","","","","","","NA"
"-79.40","43.67","TORONTO CITY","6158355","2025-05-07 06:00","2025","05","07","06:00","","13.1","","8.9","","76","","0.0","","","","","","","","100.02","","","","","","NA"
"-79.40","43.67","TORONTO CITY","6158355","2025-05-07 07:00","2025","05","07","07:00"
"-79.40","43.67","TORONTO CITY","6158355","2025-05-07 08:00","2025","05","07","08:00","","15.5","","10.0","","70","","0.0","","","","","","","","100.06","","","","","","NA"
"-79.40","43.67","TORONTO CITY","6158355","2025-05-07 09:00","2025","05","07","09:00","","18.3","","11.7","","66","","0.0","","","","","","","","100.08","","","","","","NA"
"-79.40","43.67","TORONTO CITY","6158355","2025-05-07 10:00","2025","05","07","10:00","","19.7","","12.2","","62","","0.0","","","","","","","","100.15","","","","","","NA"
"-79.40","43.67","TORONTO CITY","6158355","2025-05-07 11:00","2025","05","07","11:00","","20.8","","12.0","","57","","0.0","","","","","","","","100.13","","","","","","NA"
"-79.40","43.67","TORONTO CITY","6158355","2025-05-07 12:00","2025","05","07","12:00","","22.9","","11.2","","48","","0.0","","","","","","","","100.16","","25","","","","NA"
"-79.40","43.67","TORONTO CITY","6158355","2025-05-07 13:00","2025","05","07","13:00","","22.2","","11.9","","52","","0.0","","","","","","","","100.14","","","","","","NA"
"-79.40","43.67","TORONTO CITY","6158355","2025-05-07 14:00","2025","05","07","14:00","","22.0","","12.4","","54","","0.0","","","","","","","","100.12","","","","","","NA"
"-79.40","43.67","TORONTO CITY","6158355","2025-05-07 15:00","2025","05","07","15:00","","23.2","","12.0","","49","","0.0","","","","","","","","100.08","","25","","","","NA"
"-79.40","43.67","TORONTO CITY","6158355","2025-05-07 16:00","2025","05","07","16:00","","23.2","","11.4","","47","","0.0","","","","","","","","100.08","","25","","","","NA"
"-79.40","43.67","TORONTO CITY","6158355","2025-05-07 17:00","2025","05","07","17:00","","20.1","","10.8","","55","","0.0","","","","","","","","100.15","","","","","","NA"
"-79.40","43.67","TORONTO CITY","6158355","2025-05-07 18:00","2025","05","07","18:00","","17.4","","9.8","","61","","0.0","","","","","","","","100.18","","","","","","NA"
"-79.40","43.67","TORONTO CITY","6158355","2025-05-07 19:00","2025","05","07","19:00","","15.9","","9.0","","63","","0.0","","","","","","","","100.23","","","","","","NA"
"-79.40","43.67","TORONTO CITY","6158355","2025-05-07 20:00","2025","05","07","20:00","","13.4","","6.4","","63","","0.0","","","","","","","","100.32","","","","","","NA"
"-79.40","43.67","TORONTO CITY","6158355","2025-05-07 21:00","2025","05","07","21:00","","12.6","","4.8","","59","","0.0","","","","","","","","100.39","","","","","","NA"
"-79.40","43.67","TORONTO CITY","6158355","2025-05-07 22:00","2025","05","07","22:00","","11.2","","4.4","","63","","0.0","","","","","","","","100.46","","","","","","NA"
"-79.40","43.67","TORONTO CITY","6158355","2025-05-07 23:00","2025","05","07","23:00","","10.3","","3.7","","64","","0.0","","","","","","","","100.51","","","","","","NA"
"-79.40","43.67","TORONTO CITY","6158355","2025-05-08 00:00","2025","05","08","00:00","","9.9","","3.6","","65","","0.0","","","","","","","","100.55","","","","","","NA"
"-79.40","43.67","TORONTO CITY","6158355","2025-05-08 01:00","2025","05","08","01:00","","9.1","","3.4","","68","","0.0","","","","","","","","100.60","","","","","","NA"
"-79.40","43.67","TORONTO CITY","6158355","2025-05-08 02:00","2025","05","08","02:00","","9.1","","3.3","","67","","0.0","","","","","","","","100.61","","","","","","NA"
"-79.40","43.67","TORONTO CITY","6158355","2025-05-08 03:00","2025","05","08","03:00"
"-79.40","43.67","TORONTO CITY","6158355","2025-05-08 04:00","2025","05","08","04:00","","8.0","","2.0","","65","","0.0","","","","","","","","100.68","","","","","","NA"
"-79.40","43.67","TORONTO CITY","6158355","2025-05-08 05:00","2025","05","08","05:00","","7.8","","1.7","","65","","0.0","","","","","","","","100.71","","","","","","NA"
"-79.40","43.67","TORONTO CITY","6158355","2025-05-08 06:00","2025","05","08","06:00","","7.7","","1.7","","66","","0.0","","","","","","","","100.77","","","","","","NA"
"-79.40","43.67","TORONTO CITY","6158355","2025-05-08 07:00","2025","05","08","07:00","","8.0","","1.6","","64","","0.0","","","","","","","","100.85","","","","","","NA"
"-79.40","43.67","TORONTO CITY","6158355","2025-05-08 08:00","2025","05","08","08:00","","8.2","","1.9","","64","","0.0","","","","","","","","100.93","","","","","","NA"
"-79.40","43.67","TORONTO CITY","6158355","2025-05-08 09:00","2025","05","08","09:00","","8.4","","1.4","","61","","0.0","","","","","","","","100.95","","","","","","NA"
"-79.40","43.67","TORONTO CITY","6158355","2025-05-08 10:00","2025","05","08","10:00","","8.8","","0.6","","57","","0.0","","","","","","","","100.93","","","","","","NA"
"-79.40","43.67","TORONTO CITY","6158355","2025-05-08 11:00","2025","05","08","11:00","","9.8","","1.6","","57","","0.0","","","","","","","","100.92","","","","","","NA"
"-79.40","43.67","TORONTO CITY","6158355","2025-05-08 12:00","2025","05","08","12:00","","10.4","","1.9","","56","","0.0","","","","","","","","100.91","","","","","","NA"
"-79.40","43.67","TORONTO CITY","6158355","2025-05-08 13:00","2025","05","08","13:00","","10.4","","2.5","","58","","0.0","","","","","","","","100.89","","","","","","NA"
"-79.40","43.67","TORONTO CITY","6158355","2025-05-08 14:00","2025","05","08","14:00","","11.0","","1.8","","53","","0.0","","","","","","","","100.88","","","","","","NA"
"-79.40","43.67","TORONTO CITY","6158355","2025-05-08 15:00","2025","05","08","15:00","","11.2","","2.6","","55","","0.0","","","","","","","","100.83","","","","","","NA"
"-79.40","43.67","TORONTO CITY","6158355","2025-05-08 16:00","2025","05","08","16:00","","10.8","","1.7","","53","","0.0","","","","","","","","100.80","","","","","","NA"
"-79.40","43.67","TORONTO CITY","6158355","2025-05-08 17:00","2025","05","08","17:00","","10.6","","2.1","","56","","0.0","","","","","","","","100.78","","","","","","NA"
"-79.40","43.67","TORONTO CITY","6158355","2025-05-08 18:00","2025","05","08","18:00","","10.2","","1.3","","54","","0.0","","","","","","","","100.75","","","","","","NA"
"-79.40","43.67","TORONTO CITY","6158355","2025-05-08 19:00","2025","05","08","19:00","","9.6","","1.2","","56","","0.0","","","","","","","","100.76","","","","","","NA"
"-79.40","43.67","TORONTO CITY","6158355","2025-05-08 20:00","2025","05","08","20:00","","8.6","","1.7","","62","","0.0","","","","","","","","100.81","","","","","","NA"
"-79.40","43.67","TORONTO CITY","6158355","2025-05-08 21:00","2025","05","08","21:00","","7.8","","1.6","","65","","0.0","","","","","","","","100.88","","","","","","NA"
"-79.40","43.67","TORONTO CITY","6158355","2025-05-08 22:00","2025","05","08","22:00","","7.5","","1.6","","66","","0.0","","","","","","","","100.86","","","","","","NA"
"-79.40","43.67","TORONTO CITY","6158355","2025-05-08 23:00","2025","05","08","23:00","","7.6","","1.4","","65","","0.0","","","","","","","","100.86","","","","","","NA"
"-79.40","43.67","TORONTO CITY","6158355","2025-05-09 00:00","2025","05","09","00:00","","8.0","","0.1","","58","","0.0","","","","","","","","100.82","","","","","","NA"
"-79.40","43.67","TORONTO CITY","6158355","2025-05-09 01:00","2025","05","09","01:00","","7.6","","0.1","","59","","0.0","","","","","","","","100.75","","","","","","NA"
"-79.40","43.67","TORONTO CITY","6158355","2025-05-09 02:00","2025","05","09","02:00","","7.0","","-1.8","","53","","0.0","","","","","","","","100.69","","","","","","NA"
"-79.40","43.67","TORONTO CITY","6158355","2025-05-09 03:00","2025","05","09","03:00","","6.3","","-1.8","","56","","0.0","","","","","","","","100.67","","","","","","NA"
"-79.40","43.67","TORONTO CITY","6158355","2025-05-09 04:00","2025","05","09","04:00","","6.1","","-1.4","","58","","0.0","","","","","","","","100.67","","","","","","NA"
"-79.40","43.67","TORONTO CITY","6158355","2025-05-09 05:00","2025","05","09","05:00","","6.0","","-0.3","","64","","0.0","","","","","","","","100.67","","","","","","NA"
"-79.40","43.67","TORONTO CITY","6158355","2025-05-09 06:00","2025","05","09","06:00","","6.9","","-0.4","","60","","0.0","","","","","","","","100.67","","","","","","NA"
"-79.40","43.67","TORONTO CITY","6158355","2025-05-09 07:00","2025","05","09","07:00","","8.6","","-1.4","","49","","0.0","","","","","","","","100.68","","","","","","NA"
"-79.40","43.67","TORONTO CITY","6158355","2025-05-09 08:00","2025","05","09","08:00","","11.1","","-1.0","","43","","0.0","","","","","","","","100.69","","","","","","NA"
"-79.40","43.67","TORONTO CITY","6158355","2025-05-09 09:00","2025","05","09","09:00","","12.2","","-0.4","","42","","0.0","","","","","","","","100.71","","","","","","NA"
"-79.40","43.67","TORONTO CITY","6158355","2025-05-09 10:00","2025","05","09","10:00","","11.0","","2.6","","56","","0.0","","","","","","","","100.70","","","","","","NA"
"-79.40","43.67","TORONTO CITY","6158355","2025-05-09 11:00","2025","05","09","11:00","","11.0","","3.1","","58","","0.0","","","","","","","","100.66","","","","","","NA"
"-79.40","43.67","TORONTO CITY","6158355","2025-05-09 12:00","2025","05","09","12:00","","11.7","","1.9","","51","","0.0","","","","","","","","100.61","","","","","","NA"
"-79.40","43.67","TORONTO CITY","6158355","2025-05-09 13:00","2025","05","09","13:00","","13.1","","3.5","","52","","0.0","","","","","","","","100.59","","","","","","NA"
"-79.40","43.67","TORONTO CITY","6158355","2025-05-09 14:00","2025","05","09","14:00","","13.7","","2.3","","46","","0.0","","","","","","","","100.53","","","","","","NA"
"-79.40","43.67","TORONTO CITY","6158355","2025-05-09 15:00","2025","05","09","15:00","","14.1","","2.5","","45","","0.0","","","","","","","","100.46","","","","","","NA"
"-79.40","43.67","TORONTO CITY","6158355","2025-05-09 16:00","2025","05","09","16:00","","14.2","","0.3","","38","","0.0","","","","","","","","100.41","","","","","","NA"
"-79.40","43.67","TORONTO CITY","6158355","2025-05-09 17:00","2025","05","09","17:00","","13.9","","-0.3","","38","","0.0","","","","","","","","100.41","","","","","","NA"
"-79.40","43.67","TORONTO CITY","6158355","2025-05-09 18:00","2025","05","09","18:00","","14.3","","-0.8","","35","","0.0","","","","","","","","100.37","","","","","","NA"
"-79.40","43.67","TORONTO CITY","6158355","2025-05-09 19:00","2025","05","09","19:00","","13.4","","-0.7","","38","","0.0","","","","","","","","100.37","","","","","","NA"
"-79.40","43.67","TORONTO CITY","6158355","2025-05-09 20:00","2025","05","09","20:00","","12.2","","-0.7","","41","","0.0","","","","","","","","100.38","","","","","","NA"
"-79.40","43.67","TORONTO CITY","6158355","2025-05-09 21:00","2025","05","09","21:00","","12.7","","-2.0","","36","","0.0","","","","","","","","100.41","","","","","","NA"
"-79.40","43.67","TORONTO CITY","6158355","2025-05-09 22:00","2025","05","09","22:00","","12.1","","-5.0","","30","","0.0","","","","","","","","100.42","","","","","","NA"
"-79.40","43.67","TORONTO CITY","6158355","2025-05-09 23:00","2025","05","09","23:00","","10.7","","-6.5","","29","","0.0","","","","","","","","100.38","","","","","","NA"
"-79.40","43.67","TORONTO CITY","6158355","2025-05-10 00:00","2025","05","10","00:00","","10.1","","-5.2","","34","","0.0","","","","","","","","100.38","","","","","","NA"
"-79.40","43.67","TORONTO CITY","6158355","2025-05-10 01:00","2025","05","10","01:00","","8.6","","-3.5","","42","","0.0","","","","","","","","100.39","","","","","","NA"
"-79.40","43.67","TORONTO CITY","6158355","2025-05-10 02:00","2025","05","10","02:00","","8.1","","-3.4","","44","","0.0","","","","","","","","100.40","","","","","","NA"
"-79.40","43.67","TORONTO CITY","6158355","2025-05-10 03:00","2025","05","10","03:00","","7.4","","-3.0","","47","","0.0","","","","","","","","100.38","","","","","","NA"
"-79.40","43.67","TORONTO CITY","6158355","2025-05-10 04:00","2025","05","10","04:00","","6.7","","-3.2","","49","","0.0","","","","","","","","100.40","","","","","","NA"
"-79.40","43.67","TORONTO CITY","6158355","2025-05-10 05:00","2025","05","10","05:00","","6.9","","-3.3","","48","","0.0","","","","","","","","100.42","","","","","","NA"
"-79.40","43.67","TORONTO CITY","6158355","2025-05-10 06:00","2025","05","10","06:00","","7.7","","-3.1","","46","","0.0","","","","","","","","100.45","","","","","","NA"
"-79.40","43.67","TORONTO CITY","6158355","2025-05-10 07:00","2025","05","10","07:00","","8.9","","-2.2","","46","","0.0","","","","","","","","100.44","","","","","","NA"
"-79.40","43.67","TORONTO CITY","6158355","2025-05-10 08:00","2025","05","10","08:00","","11.8","","-3.5","","34","","0.0","","","","","","","","100.45","","","","","","NA"
"-79.40","43.67","TORONTO CITY","6158355","2025-05-10 09:00","2025","05","10","09:00","","13.9","","-3.5","","30","","0.0","","","","","","","","100.46","","","","","","NA"
"-79.40","43.67","TORONTO CITY","6158355","2025-05-10 10:00","2025","05","10","10:00","","16.0","","-1.1","","31","","0.0","","","","","","","","100.46","","","","","","NA"
"-79.40","43.67","TORONTO CITY","6158355","2025-05-10 11:00","2025","05","10","11:00","","17.0","","-1.0","","29","","0.0","","","","","","","","100.45","","","","","","NA"
"-79.40","43.67","TORONTO CITY","6158355","2025-05-10 12:00","2025","05","10","12:00","","17.7","","1.1","","33","","0.0","","","","","","","","100.43","","","","","","NA"
"-79.40","43.67","TORONTO CITY","6158355","2025-05-10 13:00","2025","05","10","13:00","","20.0","","0.7","","27","","0.0","","","","","","","","100.38","","","","","","NA"
"-79.40","43.67","TORONTO CITY","6158355","2025-05-10 14:00","2025","05","10","14:00","","20.8","","2.1","","29","","0.0","","","","","","","","100.35","","","","","","NA"
"-79.40","43.67","TORONTO CITY","6158355","2025-05-10 15:00","2025","05","10","15:00","","21.0","","3.9","","33","","0.0","","","","","","","","100.30","","","","","","NA"
"-79.40","43.67","TORONTO CITY","6158355","2025-05-10 16:00","2025","05","10","16:00","","20.5","","6.9","","41","","0.0","","","","","","","","100.29","","","","","","NA"
"-79.40","43.67","TORONTO CITY","6158355","2025-05-10 17:00","2025","05","10","17:00","","20.3","","5.6","","38","","0.0","","","","","","","","100.33","","","","","","NA"
"-79.40","43.67","TORONTO CITY","6158355","2025-05-10 18:00","2025","05","10","18:00","","20.9","","2.6","","30","","0.0","","","","","","","","100.39","","","","","","NA"
"-79.40","43.67","TORONTO CITY","6158355","2025-05-10 19:00","2025","05","10","19:00","","17.9","","1.2","","32","","0.0","","","","","","","","100.51","","","","","","NA"
"-79.40","43.67","TORONTO CITY","6158355","2025-05-10 20:00","2025","05","10","20:00","","14.9","","3.6","","47","","0.0","","","","","","","","100.64","","","","","","NA"
"-79.40","43.67","TORONTO CITY","6158355","2025-05-10 21:00","2025","05","10","21:00","","14.1","","3.5","","49","","0.0","","","","","","","","100.72","","","","","","NA"
"-79.40","43.67","TORONTO CITY","6158355","2025-05-10 22:00","2025","05","10","22:00","","13.7","","3.6","","50","","0.0","","","","","","","","100.78","","","","","","NA"
"-79.40","43.67","TORONTO CITY","6158355","2025-05-10 23:00","2025","05","10","23:00","","13.0","","3.5","","52","","0.0","","","","","","","","100.81","","","","","","NA"
"-79.40","43.67","TORONTO CITY","6158355","2025-05-11 00:00","2025","05","11","00:00","","12.4","","2.4","","50","","0.0","","","","","","","","100.87","","","","","","NA"
"-79.40","43.67","TORONTO CITY","6158355","2025-05-11 01:00","2025","05","11","01:00","","11.6","","0.7","","47","","0.0","","","","","","","","100.93","","","","","","NA"
"-79.40","43.67","TORONTO CITY","6158355","2025-05-11 02:00","2025","05","11","02:00","","10.5","","0.3","","49","","0.0","","","","","","","","101.05","","","","","","NA"
"-79.40","43.67","TORONTO CITY","6158355","2025-05-11 03:00","2025","05","11","03:00","","9.6","","0.0","","51","","0.0","","","","","","","","101.15","","","","","","NA"
"-79.40","43.67","TORONTO CITY","6158355","2025-05-11 04:00","2025","05","11","04:00","","8.5","","-0.9","","51","","0.0","","","","","","","","101.24","","","","","","NA"
"-79.40","43.67","TORONTO CITY","6158355","2025-05-11 05:00","2025","05","11","05:00","","7.7","","-1.5","","52","","0.0","","","","","","","","101.31","","","","","","NA"
"-79.40","43.67","TORONTO CITY","6158355","2025-05-11 06:00","2025","05","11","06:00","","7.4","","-1.6","","53","","0.0","","","","","","","","101.41","","","","","","NA"
"-79.40","43.67","TORONTO CITY","6158355","2025-05-11 07:00","2025","05","11","07:00","","7.9","","-2.8","","47","","0.0","","","","","","","","101.52","","","","","","NA"
"-79.40","43.67","TORONTO CITY","6158355","2025-05-11 08:00","2025","05","11","08:00","","9.5","","-3.9","","39","","0.0","","","","","","","","101.59","","","","","","NA"
"-79.40","43.67","TORONTO CITY","6158355","2025-05-11 09:00","2025","05","11","09:00","","11.3","","-2.8","","37","","0.0","","","","","","","","101.63","","","","","","NA"
"-79.40","43.67","TORONTO CITY","6158355","2025-05-11 10:00","2025","05","11","10:00","","10.4","","-2.9","","39","","0.0","","","","","","","","101.65","","","","","","NA"
"-79.40","43.67","TORONTO CITY","6158355","2025-05-11 11:00","2025","05","11","11:00","","11.0","","-4.4","","33","","0.0","","","","","","","","101.65","","","","","","NA"
"-79.40","43.67","TORONTO CITY","6158355","2025-05-11 12:00","2025","05","11","12:00","","12.0","","-4.8","","31","","0.0","","","","","","","","101.63","","","","","","NA"
"-79.40","43.67","TORONTO CITY","6158355","2025-05-11 13:00","2025","05","11","13:00","","12.0","","-4.6","","31","","0.0","","","","","","","","101.60","","","","","","NA"
"-79.40","43.67","TORONTO CITY","6158355","2025-05-11 14:00","2025","05","11","14:00","","12.0","","-5.7","","28","","0.0","","","","","","","","101.57","","","","","","NA"
"-79.40","43.67","TORONTO CITY","6158355","2025-05-11 15:00","2025","05","11","15:00","","12.3","","-7.9","","24","","0.0","","","","","","","","101.52","","","","","","NA"
"-79.40","43.67","TORONTO CITY","6158355","2025-05-11 16:00","2025","05","11","16:00","","12.9","","-8.1","","22","","0.0","","","","","","","","101.49","","","","","","NA"
"-79.40","43.67","TORONTO CITY","6158355","2025-05-11 17:00","2025","05","11","17:00","","13.0","","-13.7","","14","","0.0","","","","","","","","101.46","","","","","","NA"
"-79.40","43.67","TORONTO CITY","6158355","2025-05-11 18:00","2025","05","11","18:00","","12.4","","-10.8","","19","","0.0","","","","","","","","101.37","","","","","","NA"
"-79.40","43.67","TORONTO CITY","6158355","2025-05-11 19:00","2025","05","11","19:00","","12.1","","-11.1","","19","","0.0","","","","","","","","101.36","","","","","","NA"
"-79.40","43.67","TORONTO CITY","6158355","2025-05-11 20:00","2025","05","11","20:00","","12.1","","-14.7","","14","","0.0","","","","","","","","101.28","","","","","","NA"
"-79.40","43.67","TORONTO CITY","6158355","2025-05-11 21:00","2025","05","11","21:00","","11.4","","-12.4","","18","","0.0","","","","","","","","101.24","","","","","","NA"
"-79.40","43.67","TORONTO CITY","6158355","2025-05-11 22:00","2025","05","11","22:00","","10.7","","-10.0","","22","","0.0","","","","","","","","101.19","","","","","","NA"
"-79.40","43.67","TORONTO CITY","6158355","2025-05-11 23:00","2025","05","11","23:00","","10.4","","-8.3","","26","","0.0","","","","","","","","101.22","","","","","","NA"
"-79.40","43.67","TORONTO CITY","6158355","2025-05-12 00:00","2025","05","12","00:00","","10.1","","-5.7","","32","","0.0","","","","","","","","101.17","","","","","","NA"
"-79.40","43.67","TORONTO CITY","6158355","2025-05-12 01:00","2025","05","12","01:00","","9.8","","-5.4","","34","","0.0","","","","","","","","101.10","","","","","","NA"
"-79.40","43.67","TORONTO CITY","6158355","2025-05-12 02:00","2025","05","12","02:00","","9.5","","-4.5","","37","","0.0","","","","","","","","101.05","","","","","","NA"
"-79.40","43.67","TORONTO CITY","6158355","2025-05-12 03:00","2025","05","12","03:00","","9.2","","-4.2","","38","","0.0","","","","","","","","101.04","","","","","","NA"
"-79.40","43.67","TORONTO CITY","6158355","2025-05-12 04:00","2025","05","12","04:00","","9.0","","-4.5","","38","","0.0","","","","","","","","100.99","","","","","","NA"
"-79.40","43.67","TORONTO CITY","6158355","2025-05-12 05:00","2025","05","12","05:00","","8.4","","-3.2","","44","","0.0","","","","","","","","101.00","","","","","","NA"
"-79.40","43.67","TORONTO CITY","6158355","2025-05-12 06:00","2025","05","12","06:00","","8.4","","-1.1","","51","","0.0","","","","","","","","101.01","","","","","","NA"
"-79.40","43.67","TORONTO CITY","6158355","2025-05-12 07:00","2025","05","12","07:00","","9.9","","-0.3","","49","","0.0","","","","","","","","101.04","","","","","","NA"
"-79.40","43.67","TORONTO CITY","6158355","2025-05-12 08:00","2025","05","12","08:00","","13.0","","0.7","","43","","0.0","","","","","","","","101.05","","","","","","NA"
"-79.40","43.67","TORONTO CITY","6158355","2025-05-12 09:00","2025","05","12","09:00","","16.0","","1.7","","38","","0.0","","","","","","","","101.02","","","","","","NA"
"-79.40","43.67","TORONTO CITY","6158355","2025-05-12 10:00","2025","05","12","10:00","","18.5","","4.4","","39","","0.0","","","","","","","","100.96","","","","","","NA"
"-79.40","43.67","TORONTO CITY","6158355","2025-05-12 11:00","2025","05","12","11:00","","17.8","","3.3","","38","","0.0","","","","","","","","100.93","","","","","","NA"
"-79.40","43.67","TORONTO CITY","6158355","2025-05-12 12:00","2025","05","12","12:00","","17.4","","0.8","","33","","0.0","","","","","","","","100.88","","","","","","NA"
"-79.40","43.67","TORONTO CITY","6158355","2025-05-12 13:00","2025","05","12","13:00","","20.0","","2.5","","31","","0.0","","","","","","","","100.76","","","","","","NA"
"-79.40","43.67","TORONTO CITY","6158355","2025-05-12 14:00","2025","05","12","14:00","","22.0","","4.3","","32","","0.0","","","","","","","","100.70","","","","","","NA"
"-79.40","43.67","TORONTO CITY","6158355","2025-05-12 15:00","2025","05","12","15:00","","22.3","","2.4","","27","","0.0","","","","","","","","100.61","","","","","","NA"
"-79.40","43.67","TORONTO CITY","6158355","2025-05-12 16:00","2025","05","12","16:00","","24.7","","6.3","","31","","0.0","","","","","","","","100.48","","","","","","NA"
"-79.40","43.67","TORONTO CITY","6158355","2025-05-12 17:00","2025","05","12","17:00","","24.1","","6.6","","33","","0.0","","","","","","","","100.47","","","","","","NA"
"-79.40","43.67","TORONTO CITY","6158355","2025-05-12 18:00","2025","05","12","18:00","","22.7","","4.8","","31","","0.0","","","","","","","","100.39","","","","","","NA"
"-79.40","43.67","TORONTO CITY","6158355","2025-05-12 19:00","2025","05","12","19:00","","19.9","","3.3","","33","","0.0","","","","","","","","100.38","","","","","","NA"
"-79.40","43.67","TORONTO CITY","6158355","2025-05-12 20:00","2025","05","12","20:00","","17.8","","2.7","","36","","0.0","","","","","","","","100.40","","","","","","NA"
"-79.40","43.67","TORONTO CITY","6158355","2025-05-12 21:00","2025","05","12","21:00","","17.0","","1.7","","36","","0.0","","","","","","","","100.43","","","","","","NA"
"-79.40","43.67","TORONTO CITY","6158355","2025-05-12 22:00","2025","05","12","22:00","","16.7","","2.1","","37","","0.0","","","","","","","","100.44","","","","","","NA"
"-79.40","43.67","TORONTO CITY","6158355","2025-05-12 23:00","2025","05","12","23:00","","15.7","","3.7","","45","","0.0","","","","","","","","100.45","","","","","","NA"
"-79.40","43.67","TORONTO CITY","6158355","2025-05-13 00:00","2025","05","13","00:00","","16.2","","3.6","","43","","0.0","","","","","","","","100.40","","","","","","NA"
"-79.40","43.67","TORONTO CITY","6158355","2025-05-13 01:00","2025","05","13","01:00","","17.0","","3.9","","42","","0.0","","","","","","","","100.39","","","","","","NA"
"-79.40","43.67","TORONTO CITY","6158355","2025-05-13 02:00","2025","05","13","02:00","","16.2","","3.8","","43","","0.0","","","","","","","","100.37","","","","","","NA"
"-79.40","43.67","TORONTO CITY","6158355","2025-05-13 03:00","2025","05","13","03:00","","16.0","","3.0","","42","","0.0","","","","","","","","100.37","","","","","","NA"
"-79.40","43.67","TORONTO CITY","6158355","2025-05-13 04:00","2025","05","13","04:00","","15.2","","3.2","","45","","0.0","","","","","","","","100.36","","","","","","NA"
"-79.40","43.67","TORONTO CITY","6158355","2025-05-13 05:00","2025","05","13","05:00","","14.7","","3.4","","47","","0.0","","","","","","","","100.35","","","","","","NA"
"-79.40","43.67","TORONTO CITY","6158355","2025-05-13 06:00","2025","05","13","06:00","","14.3","","4.3","","51","","0.0","","","","","","","","100.41","","","","","","NA"
"-79.40","43.67","TORONTO CITY","6158355","2025-05-13 07:00","2025","05","13","07:00","","14.1","","5.3","","55","","0.0","","","","","","","","100.42","","","","","","NA"
"-79.40","43.67","TORONTO CITY","6158355","2025-05-13 08:00","2025","05","13","08:00","","16.5","","6.4","","51","","0.0","","","","","","","","100.42","","","","","","NA"
"-79.40","43.67","TORONTO CITY","6158355","2025-05-13 09:00","2025","05","13","09:00","","17.6","","7.3","","51","","0.0","","","","","","","","100.41","","","","","","NA"
"-79.40","43.67","TORONTO CITY","6158355","2025-05-13 10:00","2025","05","13","10:00","","20.5","","9.0","","48","","0.0","","","","","","","","100.38","","","","","","NA"
"-79.40","43.67","TORONTO CITY","6158355","2025-05-13 11:00","2025","05","13","11:00","","20.2","","10.1","","52","","0.0","","","","","","","","100.36","","","","","","NA"
"-79.40","43.67","TORONTO CITY","6158355","2025-05-13 12:00","2025","05","13","12:00","","20.8","","10.3","","51","","0.0","","","","","","","","100.32","","","","","","NA"
"-79.40","43.67","TORONTO CITY","6158355","2025-05-13 13:00","2025","05","13","13:00","","21.6","","11.7","","53","","0.0","","","","","","","","100.26","","","","","","NA"
"-79.40","43.67","TORONTO CITY","6158355","2025-05-13 14:00","2025","05","13","14:00","","21.5","","12.6","","57","","0.0","","","","","","","","100.23","","","","","","NA"
"-79.40","43.67","TORONTO CITY","6158355","2025-05-13 15:00","2025","05","13","15:00","","16.6","","14.3","","86","","2.0","","","","","","","","100.20","","","","","","NA"
"-79.40","43.67","TORONTO CITY","6158355","2025-05-13 16:00","2025","05","13","16:00","","19.6","","15.5","","77","","0.0","","","","","","","","100.15","","","","","","NA"
"-79.40","43.67","TORONTO CITY","6158355","2025-05-13 17:00","2025","05","13","17:00","","19.1","","14.3","","74","","0.0","","","","","","","","100.11","","","","","","NA"
"-79.40","43.67","TORONTO CITY","6158355","2025-05-13 18:00","2025","05","13","18:00","","16.5","","14.9","","90","","5.0","","","","","","","","100.15","","","","","","NA"
"-79.40","43.67","TORONTO CITY","6158355","2025-05-13 19:00","2025","05","13","19:00","","15.8","","14.1","","90","","0.0","","","","","","","","100.12","","","","","","NA"
"-79.40","43.67","TORONTO CITY","6158355","2025-05-13 20:00","2025","05","13","20:00","","15.9","","13.5","","86","","0.0","","","","","","","","100.12","","","","","","NA"
"-79.40","43.67","TORONTO CITY","6158355","2025-05-13 21:00","2025","05","13","21:00","","16.5","","14.9","","90","","0.0","","","","","","","","100.10","","","","","","NA"
"-79.40","43.67","TORONTO CITY","6158355","2025-05-13 22:00","2025","05","13","22:00","","16.7","","15.0","","89","","0.0","","","","","","","","100.10","","","","","","NA"
"-79.40","43.67","TORONTO CITY","6158355","2025-05-13 23:00","2025","05","13","23:00","","16.6","","14.7","","88","","0.0","","","","","","","","100.08","","","","","","NA"
"-79.40","43.67","TORONTO CITY","6158355","2025-05-14 00:00","2025","05","14","00:00","","16.4","","14.3","","87","","0.0","","","","","","","","100.07","","","","","","NA"
"-79.40","43.67","TORONTO CITY","6158355","2025-05-14 01:00","2025","05","14","01:00","","15.9","","13.7","","87","","0.0","","","","","","","","100.05","","","","","","NA"
"-79.40","43.67","TORONTO CITY","6158355","2025-05-14 02:00","2025","05","14","02:00","","15.4","","13.7","","89","","0.1","","","","","","","","100.01","","","","","","NA"
"-79.40","43.67","TORONTO CITY","6158355","2025-05-14 03:00","2025","05","14","03:00","","15.0","","12.9","","87","","0.0","","","","","","","","100.00","","","","","","NA"
"-79.40","43.67","TORONTO CITY","6158355","2025-05-14 04:00","2025","05","14","04:00","","13.9","","12.3","","90","","1.0","","","","","","","","100.02","","","","","","NA"
"-79.40","43.67","TORONTO CITY","6158355","2025-05-14 05:00","2025","05","14","05:00","","13.7","","12.3","","92","","0.3","","","","","","","","100.02","","","","","","NA"
"-79.40","43.67","TORONTO CITY","6158355","2025-05-14 06:00","2025","05","14","06:00","","13.9","","12.6","","92","","0.0","","","","","","","","100.04","","","","","","NA"
"-79.40","43.67","TORONTO CITY","6158355","2025-05-14 07:00","2025","05","14","07:00","","13.6","","11.9","","90","","0.0","","","","","","","","100.08","","","","","","NA"
"-79.40","43.67","TORONTO CITY","6158355","2025-05-14 08:00","2025","05","14","08:00","","13.8","","12.3","","91","","0.0","","","","","","","","100.12","","","","","","NA"
"-79.40","43.67","TORONTO CITY","6158355","2025-05-14 09:00","2025","05","14","09:00","","14.8","","12.5","","86","","0.0","","","","","","","","100.13","","","","","","NA"
"-79.40","43.67","TORONTO CITY","6158355","2025-05-14 10:00","2025","05","14","10:00","","15.0","","12.7","","86","","0.0","","","","","","","","100.11","","","","","","NA"
"-79.40","43.67","TORONTO CITY","6158355","2025-05-14 11:00","2025","05","14","11:00","","15.6","","12.9","","84","","0.0","","","","","","","","100.09","","","","","","NA"
"-79.40","43.67","TORONTO CITY","6158355","2025-05-14 12:00","2025","05","14","12:00","","16.5","","13.1","","81","","0.0","","","","","","","","100.03","","","","","","NA"
"-79.40","43.67","TORONTO CITY","6158355","2025-05-14 13:00","2025","05","14","13:00","","18.8","","13.8","","73","","0.0","","","","","","","","99.98","","","","","","NA"
"-79.40","43.67","TORONTO CITY","6158355","2025-05-14 14:00","2025","05","14","14:00","","18.7","","13.0","","69","","0.0","","","","","","","","99.96","","","","","","NA"
"-79.40","43.67","TORONTO CITY","6158355","2025-05-14 15:00","2025","05","14","15:00","","17.7","","12.2","","70","","0.0","","","","","","","","99.94","","","","","","NA"
"-79.40","43.67","TORONTO CITY","6158355","2025-05-14 16:00","2025","05","14","16:00","","19.3","","12.5","","65","","0.0","","","","","","","","99.89","","","","","","NA"
"-79.40","43.67","TORONTO CITY","6158355","2025-05-14 17:00","2025","05","14","17:00","","19.7","","12.6","","64","","0.0","","","","","","","","99.85","","","","","","NA"
"-79.40","43.67","TORONTO CITY","6158355","2025-05-14 18:00","2025","05","14","18:00","","18.4","","12.3","","67","","0.0","","","","","","","","99.84","","","","","","NA"
"-79.40","43.67","TORONTO CITY","6158355","2025-05-14 19:00","2025","05","14","19:00","","17.4","","12.5","","73","","0.0","","","","","","","","99.83","","","","","","NA"
"-79.40","43.67","TORONTO CITY","6158355","2025-05-14 20:00","2025","05","14","20:00","","16.4","","12.1","","76","","0.0","","","","","","","","99.83","","","","","","NA"
"-79.40","43.67","TORONTO CITY","6158355","2025-05-14 21:00","2025","05","14","21:00","","15.8","","12.1","","79","","0.0","","","","","","","","99.85","","","","","","NA"
"-79.40","43.67","TORONTO CITY","6158355","2025-05-14 22:00","2025","05","14","22:00","","15.4","","12.2","","81","","0.0","","","","","","","","99.84","","","","","","NA"
"-79.40","43.67","TORONTO CITY","6158355","2025-05-14 23:00","2025","05","14","23:00","","15.7","","12.6","","82","","0.0","","","","","","","","99.81","","","","","","NA"
"-79.40","43.67","TORONTO CITY","6158355","2025-05-15 00:00","2025","05","15","00:00","","15.8","","12.7","","82","","0.0","","","","","","","","99.80","","","","","","NA"
"-79.40","43.67","TORONTO CITY","6158355","2025-05-15 01:00","2025","05","15","01:00","","15.7","","12.7","","82","","0.0","","","","","","","","99.76","","","","","","NA"
"-79.40","43.67","TORONTO CITY","6158355","2025-05-15 02:00","2025","05","15","02:00","","15.2","","12.5","","83","","0.0","","","","","","","","99.73","","","","","","NA"
"-79.40","43.67","TORONTO CITY","6158355","2025-05-15 03:00","2025","05","15","03:00","","14.8","","12.4","","86","","0.0","","","","","","","","99.70","","","","","","NA"
"-79.40","43.67","TORONTO CITY","6158355","2025-05-15 04:00","2025","05","15","04:00","","14.5","","12.4","","88","","0.0","","","","","","","","99.67","","","","","","NA"
"-79.40","43.67","TORONTO CITY","6158355","2025-05-15 05:00","2025","05","15","05:00","","14.1","","12.2","","88","","0.0","","","","","","","","99.69","","","","","","NA"
"-79.40","43.67","TORONTO CITY","6158355","2025-05-15 06:00","2025","05","15","06:00","","14.5","","12.5","","88","","0.0","","","","","","","","99.72","","","","","","NA"
"-79.40","43.67","TORONTO CITY","6158355","2025-05-15 07:00","2025","05","15","07:00","","15.8","","12.9","","83","","0.0","","","","","","","","99.75","","","","","","NA"
"-79.40","43.67","TORONTO CITY","6158355","2025-05-15 08:00","2025","05","15","08:00","","17.2","","13.6","","79","","0.0","","","","","","","","99.74","","","","","","NA"
"-79.40","43.67","TORONTO CITY","6158355","2025-05-15 09:00","2025","05","15","09:00","","17.8","","13.0","","73","","0.0","","","","","","","","99.74","","","","","","NA"
"-79.40","43.67","TORONTO CITY","6158355","2025-05-15 10:00","2025","05","15","10:00","","19.9","","14.1","","69","","0.0","","","","","","","","99.70","","","","","","NA"
"-79.40","43.67","TORONTO CITY","6158355","2025-05-15 11:00","2025","05","15","11:00","","17.7","","13.3","","76","","0.0","","","","","","","","99.71","","","","","","NA"
"-79.40","43.67","TORONTO CITY","6158355","2025-05-15 12:00","2025","05","15","12:00","","19.4","","14.2","","72","","0.0","","","","","","","","99.67","","","","","","NA"
"-79.40","43.67","TORONTO CITY","6158355","2025-05-15 13:00","2025","05","15","13:00","","21.0","","15.2","","69","","0.0","","","","","","","","99.62","","25","","","","NA"
"-79.40","43.67","TORONTO CITY","6158355","2025-05-15 14:00","2025","05","15","14:00","","21.7","","14.9","","65","","0.0","","","","","","","","99.56","","26","","","","NA"
"-79.40","43.67","TORONTO CITY","6158355","2025-05-15 15:00","2025","05","15","15:00","","22.9","","15.0","","61","","0.0","","","","","","","","99.50","","27","","","","NA"
"-79.40","43.67","TORONTO CITY","6158355","2025-05-15 16:00","2025","05","15","16:00","","21.5","","14.1","","63","","0.0","","","","","","","","99.48","","25","","","","NA"
"-79.40","43.67","TORONTO CITY","6158355","2025-05-15 17:00","2025","05","15","17:00","","19.3","","13.1","","67","","0.0","","","","","","","","99.44","","","","","","NA"
"-79.40","43.67","TORONTO CITY","6158355","2025-05-15 18:00","2025","05","15","18:00","","19.2","","12.3","","64","","0.0","","","","","","","","99.41","","","","","","NA"
"-79.40","43.67","TORONTO CITY","6158355","2025-05-15 19:00","2025","05","15","19:00","","17.9","","12.3","","70","","0.0","","","","","","","","99.41","","","","","","NA"
"-79.40","43.67","TORONTO CITY","6158355","2025-05-15 20:00","2025","05","15","20:00","","17.2","","11.9","","71","","0.0","","","","","","","","99.31","","","","","","NA"
"-79.40","43.67","TORONTO CITY","6158355","2025-05-15 21:00","2025","05","15","21:00","","16.9","","11.7","","71","","0.0","","","","","","","","99.30","","","","","","NA"
"-79.40","43.67","TORONTO CITY","6158355","2025-05-15 22:00","2025","05","15","22:00","","16.8","","11.3","","70","","0.0","","","","","","","","99.29","","","","","","NA"
"-79.40","43.67","TORONTO CITY","6158355","2025-05-15 23:00","2025","05","15","23:00","","16.1","","11.4","","74","","0.0","","","","","","","","99.26","","","","","","NA"
"-79.40","43.67","TORONTO CITY","6158355","2025-05-16 00:00","2025","05","16","00:00","","16.3","","12.1","","76","","0.0","","","","","","","","99.27","","","","","","NA"
"-79.40","43.67","TORONTO CITY","6158355","2025-05-16 01:00","2025","05","16","01:00","","16.2","","12.3","","78","","0.0","","","","","","","","99.18","","","","","","NA"
"-79.40","43.67","TORONTO CITY","6158355","2025-05-16 02:00","2025","05","16","02:00","","15.7","","12.5","","82","","0.0","","","","","","","","99.12","","","","","","NA"
"-79.40","43.67","TORONTO CITY","6158355","2025-05-16 03:00","2025","05","16","03:00","","15.2","","12.7","","85","","0.0","","","","","","","","98.99","","","","","","NA"
"-79.40","43.67","TORONTO CITY","6158355","2025-05-16 04:00","2025","05","16","04:00","","15.6","","13.2","","85","","0.0","","","","","","","","99.17","","","","","","NA"
"-79.40","43.67","TORONTO CITY","6158355","2025-05-16 05:00","2025","05","16","05:00","","15.5","","14.4","","93","","9.0","","","","","","","","98.69","","","","","","NA"
"-79.40","43.67","TORONTO CITY","6158355","2025-05-16 06:00","2025","05","16","06:00","","16.1","","14.9","","93","","0.4","","","","","","","","98.88","","","","","","NA"
"-79.40","43.67","TORONTO CITY","6158355","2025-05-16 07:00","2025","05","16","07:00","","15.2","","14.1","","93","","0.0","","","","","","","","98.97","","","","","","NA"
"-79.40","43.67","TORONTO CITY","6158355","2025-05-16 08:00","2025","05","16","08:00","","15.5","","14.0","","90","","0.0","","","","","","","","99.11","","","","","","NA"
"-79.40","43.67","TORONTO CITY","6158355","2025-05-16 09:00","2025","05","16","09:00","","17.8","","14.7","","82","","0.0","","","","","","","","99.07","","","","","","NA"
"-79.40","43.67","TORONTO CITY","6158355","2025-05-16 10:00","2025","05","16","10:00","","19.7","","15.2","","75","","0.0","","","","","","","","99.07","","","","","","NA"
"-79.40","43.67","TORONTO CITY","6158355","2025-05-16 11:00","2025","05","16","11:00","","20.8","","15.8","","73","","0.0","","","","","","","","99.04","","25","","","","NA"
"-79.40","43.67","TORONTO CITY","6158355","2025-05-16 12:00","2025","05","16","12:00","","21.3","","14.6","","65","","0.0","","","","","","","","99.03","","25","","","","NA"
"-79.40","43.67","TORONTO CITY","6158355","2025-05-16 13:00","2025","05","16","13:00","","23.5","","15.7","","62","","0.0","","","","","","","","99.01","","28","","","","NA"
"-79.40","43.67","TORONTO CITY","6158355","2025-05-16 14:00","2025","05","16","14:00","","25.0","","14.9","","54","","0.0","","","","","","","","98.98","","29","","","","NA"
"-79.40","43.67","TORONTO CITY","6158355","2025-05-16 15:00","2025","05","16","15:00","","26.4","","11.6","","40","","0.0","","","","","","","","98.93","","28","","","","NA"
"-79.40","43.67","TORONTO CITY","6158355","2025-05-16 16:00","2025","05","16","16:00","","27.3","","11.2","","37","","0.0","","","","","","","","98.91","","29","","","","NA"
"-79.40","43.67","TORONTO CITY","6158355","2025-05-16 17:00","2025","05","16","17:00","","27.5","","7.0","","27","","0.0","","","","","","","","98.86","","28","","","","NA"
"-79.40","43.67","TORONTO CITY","6158355","2025-05-16 18:00","2025","05","16","18:00","","26.5","","7.7","","30","","0.0","","","","","","","","98.83","","27","","","","NA"
"-79.40","43.67","TORONTO CITY","6158355","2025-05-16 19:00","2025","05","16","19:00","","24.6","","8.1","","35","","0.0","","","","","","","","98.77","","25","","","","NA"
"-79.40","43.67","TORONTO CITY","6158355","2025-05-16 20:00","2025","05","16","20:00","","21.5","","7.9","","41","","0.0","","","","","","","","98.76","","","","","","NA"
"-79.40","43.67","TORONTO CITY","6158355","2025-05-16 21:00","2025","05","16","21:00","","19.7","","7.4","","45","","0.0","","","","","","","","98.74","","","","","","NA"
"-79.40","43.67","TORONTO CITY","6158355","2025-05-16 22:00","2025","05","16","22:00","","19.1","","10.2","","56","","0.0","","","","","","","","98.73","","","","","","NA"
"-79.40","43.67","TORONTO CITY","6158355","2025-05-16 23:00","2025","05","16","23:00","","18.9","","12.6","","67","","0.0","","","","","","","","98.63","","","","","","NA"
"-79.40","43.67","TORONTO CITY","6158355","2025-05-17 00:00","2025","05","17","00:00","","18.8","","10.6","","59","","0.0","","","","","","","","98.62","","","","","","NA"
"-79.40","43.67","TORONTO CITY","6158355","2025-05-17 01:00","2025","05","17","01:00","","17.9","","9.6","","58","","0.3","","","","","","","","98.45","","","","","","NA"
"-79.40","43.67","TORONTO CITY","6158355","2025-05-17 02:00","2025","05","17","02:00","","17.6","","11.7","","69","","0.1","","","","","","","","98.43","","","","","","NA"
"-79.40","43.67","TORONTO CITY","6158355","2025-05-17 03:00","2025","05","17","03:00","","17.5","","11.6","","68","","0.0","","","","","","","","98.40","","","","","","NA"
"-79.40","43.67","TORONTO CITY","6158355","2025-05-17 04:00","2025","05","17","04:00","","16.5","","12.1","","76","","0.0","","","","","","","","98.33","","","","","","NA"
"-79.40","43.67","TORONTO CITY","6158355","2025-05-17 05:00","2025","05","17","05:00","","16.3","","12.3","","77","","0.0","","","","","","","","98.34","","","","","","NA"
"-79.40","43.67","TORONTO CITY","6158355","2025-05-17 06:00","2025","05","17","06:00","","16.5","","12.6","","78","","0.0","","","","","","","","98.32","","","","","","NA"
"-79.40","43.67","TORONTO CITY","6158355","2025-05-17 07:00","2025","05","17","07:00","","16.8","","12.6","","76","","0.0","","","","","","","","98.33","","","","","","NA"
"-79.40","43.67","TORONTO CITY","6158355","2025-05-17 08:00","2025","05","17","08:00","","18.4","","12.7","","69","","0.0","","","","","","","","98.29","","","","","","NA"
"-79.40","43.67","TORONTO CITY","6158355","2025-05-17 09:00","2025","05","17","09:00","","18.7","","12.9","","69","","0.0","","","","","","","","98.26","","","","","","NA"
"-79.40","43.67","TORONTO CITY","6158355","2025-05-17 10:00","2025","05","17","10:00","","19.7","","13.3","","66","","0.0","","","","","","","","98.21","","","","","","NA"
"-79.40","43.67","TORONTO CITY","6158355","2025-05-17 11:00","2025","05","17","11:00","","18.5","","12.9","","70","","0.0","","","","","","","","98.26","","","","","","NA"
"-79.40","43.67","TORONTO CITY","6158355","2025-05-17 12:00","2025","05","17","12:00","","19.1","","13.4","","70","","0.0","","","","","","","","98.22","","","","","","NA"
"-79.40","43.67","TORONTO CITY","6158355","2025-05-17 13:00","2025","05","17","13:00","","17.5","","10.4","","63","","1.5","","","","","","","","98.32","","","","","","NA"
"-79.40","43.67","TORONTO CITY","6158355","2025-05-17 14:00","2025","05","17","14:00","","17.9","","8.2","","53","","0.0","","","","","","","","98.38","","","","","","NA"
"-79.40","43.67","TORONTO CITY","6158355","2025-05-17 15:00","2025","05","17","15:00","","17.5","","8.4","","55","","0.0","","","","","","","","98.43","","","","","","NA"
"-79.40","43.67","TORONTO CITY","6158355","2025-05-17 16:00","2025","05","17","16:00","","16.6","","7.8","","56","","0.0","","","","","","","","98.52","","","","","","NA"
"-79.40","43.67","TORONTO CITY","6158355","2025-05-17 17:00","2025","05","17","17:00","","16.7","","7.3","","54","","0.0","","","","","","","","98.57","","","","","","NA"
"-79.40","43.67","TORONTO CITY","6158355","2025-05-17 18:00","2025","05","17","18:00","","16.4","","7.7","","57","","0.0","","","","","","","","98.59","","","","","","NA"
"-79.40","43.67","TORONTO CITY","6158355","2025-05-17 19:00","2025","05","17","19:00","","15.6","","7.8","","60","","0.0","","","","","","","","98.64","","","","","","NA"
"-79.40","43.67","TORONTO CITY","6158355","2025-05-17 20:00","2025","05","17","20:00","","14.9","","8.6","","66","","0.0","","","","","","","","98.70","","","","","","NA"
"-79.40","43.67","TORONTO CITY","6158355","2025-05-17 21:00","2025","05","17","21:00","","14.8","","8.8","","67","","0.0","","","","","","","","98.74","","","","","","NA"
"-79.40","43.67","TORONTO CITY","6158355","2025-05-17 22:00","2025","05","17","22:00","","14.3","","9.5","","73","","0.0","","","","","","","","98.78","","","","","","NA"
"-79.40","43.67","TORONTO CITY","6158355","2025-05-17 23:00","2025","05","17","23:00","","14.1","","10.1","","77","","0.0","","","","","","","","98.78","","","","","","NA"
"-79.40","43.67","TORONTO CITY","6158355","2025-05-18 00:00","2025","05","18","00:00","","14.0","","10.2","","78","","0.0","","","","","","","","98.74","","","","","","NA"
"-79.40","43.67","TORONTO CITY","6158355","2025-05-18 01:00","2025","05","18","01:00","","13.7","","10.3","","80","","0.0","","","","","","","","98.73","","","","","","NA"
"-79.40","43.67","TORONTO CITY","6158355","2025-05-18 02:00","2025","05","18","02:00","","14.0","","10.2","","78","","0.0","","","","","","","","98.74","","","","","","NA"
"-79.40","43.67","TORONTO CITY","6158355","2025-05-18 03:00","2025","05","18","03:00","","14.2","","9.9","","75","","0.0","","","","","","","","98.78","","","","","","NA"
"-79.40","43.67","TORONTO CITY","6158355","2025-05-18 04:00","2025","05","18","04:00","","14.2","","9.8","","75","","0.0","","","","","","","","98.81","","","","","","NA"
"-79.40","43.67","TORONTO CITY","6158355","2025-05-18 05:00","2025","05","18","05:00","","14.2","","9.6","","74","","0.0","","","","","","","","98.87","","","","","","NA"
"-79.40","43.67","TORONTO CITY","6158355","2025-05-18 06:00","2025","05","18","06:00","","14.0","","9.6","","75","","0.0","","","","","","","","98.88","","","","","","NA"
"-79.40","43.67","TORONTO CITY","6158355","2025-05-18 07:00","2025","05","18","07:00","","14.3","","9.4","","72","","0.0","","","","","","","","98.95","","","","","","NA"
"-79.40","43.67","TORONTO CITY","6158355","2025-05-18 08:00","2025","05","18","08:00","","14.0","","9.1","","72","","0.0","","","","","","","","99.05","","","","","","NA"
"-79.40","43.67","TORONTO CITY","6158355","2025-05-18 09:00","2025","05","18","09:00","","14.1","","8.9","","71","","0.0","","","","","","","","99.14","","","","","","NA"
"-79.40","43.67","TORONTO CITY","6158355","2025-05-18 10:00","2025","05","18","10:00","","14.0","","9.1","","72","","0.0","","","","","","","","99.18","","","","","","NA"
"-79.40","43.67","TORONTO CITY","6158355","2025-05-18 11:00","2025","05","18","11:00","","15.2","","8.4","","64","","0.0","","","","","","","","99.21","","","","","","NA"
"-79.40","43.67","TORONTO CITY","6158355","2025-05-18 12:00","2025","05","18","12:00","","16.1","","8.1","","59","","0.0","","","","","","","","99.23","","","","","","NA"
"-79.40","43.67","TORONTO CITY","6158355","2025-05-18 13:00","2025","05","18","13:00","","15.9","","7.5","","58","","0.0","","","","","","","","99.33","","","","","","NA"
"-79.40","43.67","TORONTO CITY","6158355","2025-05-18 14:00","2025","05","18","14:00","","15.9","","7.7","","58","","0.0","","","","","","","","99.37","","","","","","NA"
"-79.40","43.67","TORONTO CITY","6158355","2025-05-18 15:00","2025","05","18","15:00","","16.4","","7.2","","54","","0.0","","","","","","","","99.43","","","","","","NA"
"-79.40","43.67","TORONTO CITY","6158355","2025-05-18 16:00","2025","05","18","16:00","","13.9","","6.3","","60","","0.0","","","","","","","","99.52","","","","","","NA"
"-79.40","43.67","TORONTO CITY","6158355","2025-05-18 17:00","2025","05","18","17:00","","12.4","","4.9","","60","","0.0","","","","","","","","99.57","","","","","","NA"
"-79.40","43.67","TORONTO CITY","6158355","2025-05-18 18:00","2025","05","18","18:00","","11.7","","4.2","","60","","0.0","","","","","","","","99.67","","","","","","NA"
"-79.40","43.67","TORONTO CITY","6158355","2025-05-18 19:00","2025","05","18","19:00","","10.7","","3.7","","62","","0.0","","","","","","","","99.76","","","","","","NA"
"-79.40","43.67","TORONTO CITY","6158355","2025-05-18 20:00","2025","05","18","20:00","","10.7","","4.2","","64","","0.0","","","","","","","","99.82","","","","","","NA"
"-79.40","43.67","TORONTO CITY","6158355","2025-05-18 21:00","2025","05","18","21:00","","10.9","","3.7","","61","","0.0","","","","","","","","99.88","","","","","","NA"
"-79.40","43.67","TORONTO CITY","6158355","2025-05-18 22:00","2025","05","18","22:00","","11.0","","3.7","","61","","0.0","","","","","","","","99.90","","","","","","NA"
"-79.40","43.67","TORONTO CITY","6158355","2025-05-18 23:00","2025","05","18","23:00","","11.0","","3.9","","61","","0.0","","","","","","","","99.89","","","","","","NA"
"-79.40","43.67","TORONTO CITY","6158355","2025-05-19 00:00","2025","05","19","00:00","","10.9","","3.5","","60","","0.0","","","","","","","","99.90","","","","","","NA"
"-79.40","43.67","TORONTO CITY","6158355","2025-05-19 01:00","2025","05","19","01:00","","10.7","","3.8","","62","","0.0","","","","","","","","99.95","","","","","","NA"
"-79.40","43.67","TORONTO CITY","6158355","2025-05-19 02:00","2025","05","19","02:00","","10.5","","3.9","","63","","0.0","","","","","","","","99.97","","","","","","NA"
"-79.40","43.67","TORONTO CITY","6158355","2025-05-19 03:00","2025","05","19","03:00","","10.4","","3.7","","63","","0.0","","","","","","","","100.00","","","","","","NA"
"-79.40","43.67","TORONTO CITY","6158355","2025-05-19 04:00","2025","05","19","04:00","","10.3","","3.7","","64","","0.0","","","","","","","","100.06","","","","","","NA"
"-79.40","43.67","TORONTO CITY","6158355","2025-05-19 05:00","2025","05","19","05:00","","9.8","","4.7","","70","","0.1","","","","","","","","100.12","","","","","","NA"
"-79.40","43.67","TORONTO CITY","6158355","2025-05-19 06:00","2025","05","19","06:00","","9.5","","4.4","","71","","0.2","","","","","","","","100.19","","","","","","NA"
"-79.40","43.67","TORONTO CITY","6158355","2025-05-19 07:00","2025","05","19","07:00","","10.0","","4.0","","66","","0.0","","","","","","","","100.20","","","","","","NA"
"-79.40","43.67","TORONTO CITY","6158355","2025-05-19 08:00","2025","05","19","08:00","","9.5","","2.4","","61","","0.0","","","","","","","","100.27","","","","","","NA"
"-79.40","43.67","TORONTO CITY","6158355","2025-05-19 09:00","2025","05","19","09:00","","10.4","","3.0","","60","","0.0","","","","","","","","100.32","","","","","","NA"
"-79.40","43.67","TORONTO CITY","6158355","2025-05-19 10:00","2025","05","19","10:00","","11.2","","2.7","","56","","0.0","","","","","","","","100.34","","","","","","NA"
"-79.40","43.67","TORONTO CITY","6158355","2025-05-19 11:00","2025","05","19","11:00","","12.5","","3.3","","54","","0.0","","","","","","","","100.31","","","","","","NA"
"-79.40","43.67","TORONTO CITY","6158355","2025-05-19 12:00","2025","05","19","12:00","","14.0","","2.8","","47","","0.0","","","","","","","","100.32","","","","","","NA"
"-79.40","43.67","TORONTO CITY","6158355","2025-05-19 13:00","2025","05","19","13:00","","14.7","","2.3","","43","","0.0","","","","","","","","100.32","","","","","","NA"
"-79.40","43.67","TORONTO CITY","6158355","2025-05-19 14:00","2025","05","19","14:00","","14.9","","2.2","","42","","0.0","","","","","","","","100.30","","","","","","NA"
"-79.40","43.67","TORONTO CITY","6158355","2025-05-19 15:00","2025","05","19","15:00","","14.3","","1.7","","42","","0.0","","","","","","","","100.32","","","","","","NA"
"-79.40","43.67","TORONTO CITY","6158355","2025-05-19 16:00","2025","05","19","16:00","","14.9","","1.7","","41","","0.0","","","","","","","","100.33","","","","","","NA"
"-79.40","43.67","TORONTO CITY","6158355","2025-05-19 17:00","2025","05","19","17:00","","13.4","","1.6","","45","","0.0","","","","","","","","100.35","","","","","","NA"
"-79.40","43.67","TORONTO CITY","6158355","2025-05-19 18:00","2025","05","19","18:00","","12.7","","1.1","","45","","0.0","","","","","","","","100.36","","","","","","NA"
"-79.40","43.67","TORONTO CITY","6158355","2025-05-19 19:00","2025","05","19","19:00","","11.5","","0.3","","46","","0.0","","","","","","","","100.39","","","","","","NA"
"-79.40","43.67","TORONTO CITY","6158355","2025-05-19 20:00","2025","05","19","20:00","","10.2","","0.1","","50","","0.0","","","","","","","","100.41","","","","","","NA"
"-79.40","43.67","TORONTO CITY","6158355","2025-05-19 21:00","2025","05","19","21:00","","9.1","","-0.7","","50","","0.0","","","","","","","","100.43","","","","","","NA"
"-79.40","43.67","TORONTO CITY","6158355","2025-05-19 22:00","2025","05","19","22:00","","8.8","","-0.2","","53","","0.0","","","","","","","","100.48","","","","","","NA"
"-79.40","43.67","TORONTO CITY","6158355","2025-05-19 23:00","2025","05","19","23:00","","8.6","","0.3","","56","","0.0","","","","","","","","100.57","","","","","","NA"
"-79.40","43.67","TORONTO CITY","6158355","2025-05-20 00:00","2025","05","20","00:00","","7.9","","0.6","","60","","0.0","","","","","","","","100.57","","","","","","NA"
"-79.40","43.67","TORONTO CITY","6158355","2025-05-20 01:00","2025","05","20","01:00","","7.5","","-0.4","","58","","0.0","","","","","","","","100.65","","","","","","NA"
"-79.40","43.67","TORONTO CITY","6158355","2025-05-20 02:00","2025","05","20","02:00","","6.6","","-0.6","","60","","0.0","","","","","","","","100.63","","","","","","NA"
"-79.40","43.67","TORONTO CITY","6158355","2025-05-20 03:00","2025","05","20","03:00","","6.3","","-0.8","","60","","0.0","","","","","","","","100.60","","","","","","NA"
"-79.40","43.67","TORONTO CITY","6158355","2025-05-20 04:00","2025","05","20","04:00","","5.5","","-0.6","","65","","0.0","","","","","","","","100.64","","","","","","NA"
"-79.40","43.67","TORONTO CITY","6158355","2025-05-20 05:00","2025","05","20","05:00","","5.6","","-0.6","","64","","0.0","","","","","","","","100.66","","","","","","NA"
"-79.40","43.67","TORONTO CITY","6158355","2025-05-20 06:00","2025","05","20","06:00","","6.1","","-0.8","","61","","0.0","","","","","","","","100.64","","","","","","NA"
"-79.40","43.67","TORONTO CITY","6158355","2025-05-20 07:00","2025","05","20","07:00","","7.7","","-0.8","","55","","0.0","","","","","","","","100.67","","","","","","NA"
"-79.40","43.67","TORONTO CITY","6158355","2025-05-20 08:00","2025","05","20","08:00","","9.5","","-0.8","","49","","0.0","","","","","","","","100.66","","","","","","NA"
"-79.40","43.67","TORONTO CITY","6158355","2025-05-20 09:00","2025","05","20","09:00","","10.8","","-0.2","","46","","0.0","","","","","","","","100.65","","","","","","NA"
"-79.40","43.67","TORONTO CITY","6158355","2025-05-20 10:00","2025","05","20","10:00","","11.8","","0.1","","44","","0.0","","","","","","","","100.61","","","","","","NA"
"-79.40","43.67","TORONTO CITY","6158355","2025-05-20 11:00","2025","05","20","11:00","","12.2","","2.0","","50","","0.0","","","","","","","","100.53","","","","","","NA"
"-79.40","43.67","TORONTO CITY","6158355","2025-05-20 12:00","2025","05","20","12:00","","12.5","","2.3","","50","","0.0","","","","","","","","100.57","","","","","","NA"
"-79.40","43.67","TORONTO CITY","6158355","2025-05-20 13:00","2025","05","20","13:00","","12.1","","-0.6","","41","","0.0","","","","","","","","100.52","","","","","","NA"
"-79.40","43.67","TORONTO CITY","6158355","2025-05-20 14:00","2025","05","20","14:00","","13.0","","0.7","","43","","0.0","","","","","","","","100.45","","","","","","NA"
"-79.40","43.67","TORONTO CITY","6158355","2025-05-20 15:00","2025","05","20","15:00","","12.9","","1.8","","47","","0.0","","","","","","","","100.36","","","","","","NA"
"-79.40","43.67","TORONTO CITY","6158355","2025-05-20 16:00","2025","05","20","16:00","","12.1","","0.1","","44","","0.0","","","","","","","","100.30","","","","","","NA"
"-79.40","43.67","TORONTO CITY","6158355","2025-05-20 17:00","2025","05","20","17:00","","12.4","","0.9","","45","","0.0","","","","","","","","100.25","","","","","","NA"
"-79.40","43.67","TORONTO CITY","6158355","2025-05-20 18:00","2025","05","20","18:00","","12.0","","1.5","","48","","0.0","","","","","","","","100.21","","","","","","NA"
"-79.40","43.67","TORONTO CITY","6158355","2025-05-20 19:00","2025","05","20","19:00","","11.1","","1.6","","52","","0.0","","","","","","","","100.21","","","","","","NA"
"-79.40","43.67","TORONTO CITY","6158355","2025-05-20 20:00","2025","05","20","20:00","","9.5","","2.1","","60","","0.0","","","","","","","","100.26","","","","","","NA"
"-79.40","43.67","TORONTO CITY","6158355","2025-05-20 21:00","2025","05","20","21:00","","10.1","","2.6","","60","","0.0","","","","","","","","100.22","","","","","","NA"
"-79.40","43.67","TORONTO CITY","6158355","2025-05-20 22:00","2025","05","20","22:00","","9.9","","3.0","","62","","0.0","","","","","","","","100.18","","","","","","NA"
"-79.40","43.67","TORONTO CITY","6158355","2025-05-20 23:00","2025","05","20","23:00","","9.2","","2.7","","64","","0.0","","","","","","","","100.16","","","","","","NA"
"-79.40","43.67","TORONTO CITY","6158355","2025-05-21 00:00","2025","05","21","00:00","","9.1","","2.4","","63","","0.0","","","","","","","","100.16","","","","","","NA"
"-79.40","43.67","TORONTO CITY","6158355","2025-05-21 01:00","2025","05","21","01:00","","9.4","","3.0","","64","","0.0","","","","","","","","100.07","","","","","","NA"
"-79.40","43.67","TORONTO CITY","6158355","2025-05-21 02:00","2025","05","21","02:00","","9.6","","3.3","","65","","0.0","","","","","","","","100.05","","","","","","NA"
"-79.40","43.67","TORONTO CITY","6158355","2025-05-21 03:00","2025","05","21","03:00","","9.8","","4.4","","69","","0.0","","","","","","","","99.95","","","","","","NA"
"-79.40","43.67","TORONTO CITY","6158355","2025-05-21 04:00","2025","05","21","04:00","","9.6","","5.2","","74","","0.0","","","","","","","","99.86","","","","","","NA"
"-79.40","43.67","TORONTO CITY","6158355","2025-05-21 05:00","2025","05","21","05:00","","9.6","","5.3","","75","","0.0","","","","","","","","99.80","","","","","","NA"
"-79.40","43.67","TORONTO CITY","6158355","2025-05-21 06:00","2025","05","21","06:00","","10.0","","5.5","","73","","0.0","","","","","","","","99.71","","","","","","NA"
"-79.40","43.67","TORONTO CITY","6158355","2025-05-21 07:00","2025","05","21","07:00","","10.1","","5.8","","75","","0.0","","","","","","","","99.68","","","","","","NA"
"-79.40","43.67","TORONTO CITY","6158355","2025-05-21 08:00","2025","05","21","08:00","","10.0","","6.0","","76","","0.0","","","","","","","","99.68","","","","","","NA"
"-79.40","43.67","TORONTO CITY","6158355","2025-05-21 09:00","2025","05","21","09:00","","9.3","","5.6","","78","","0.0","","","","","","","","99.67","","","","","","NA"
"-79.40","43.67","TORONTO CITY","6158355","2025-05-21 10:00","2025","05","21","10:00","","9.7","","6.3","","79","","0.0","","","","","","","","99.63","","","","","","NA"
"-79.40","43.67","TORONTO CITY","6158355","2025-05-21 11:00","2025","05","21","11:00","","9.6","","6.1","","79","","0.0","","","","","","","","99.55","","","","","","NA"
"-79.40","43.67","TORONTO CITY","6158355","2025-05-21 12:00","2025","05","21","12:00","","9.1","","7.1","","87","","0.7","","","","","","","","99.52","","","","","","NA"
"-79.40","43.67","TORONTO CITY","6158355","2025-05-21 13:00","2025","05","21","13:00","","9.1","","7.4","","89","","0.8","","","","","","","","99.44","","","","","","NA"
"-79.40","43.67","TORONTO CITY","6158355","2025-05-21 14:00","2025","05","21","14:00","","9.2","","8.0","","92","","1.4","","","","","","","","99.39","","","","","","NA"
"-79.40","43.67","TORONTO CITY","6158355","2025-05-21 15:00","2025","05","21","15:00","","9.0","","7.9","","93","","1.9","","","","","","","","99.34","","","","","","NA"
"-79.40","43.67","TORONTO CITY","6158355","2025-05-21 16:00","2025","05","21","16:00","","9.1","","8.1","","94","","2.6","","","","","","","","99.29","","","","","","NA"
"-79.40","43.67","TORONTO CITY","6158355","2025-05-21 17:00","2025","05","21","17:00","","9.4","","8.4","","94","","1.7","","","","","","","","99.26","","","","","","NA"
"-79.40","43.67","TORONTO CITY","6158355","2025-05-21 18:00","2025","05","21","18:00","","9.1","","8.1","","93","","0.8","","","","","","","","99.26","","","","","","NA"
"-79.40","43.67","TORONTO CITY","6158355","2025-05-21 19:00","2025","05","21","19:00","","8.9","","8.0","","94","","1.0","","","","","","","","99.26","","","","","","NA"
"-79.40","43.67","TORONTO CITY","6158355","2025-05-21 20:00","2025","05","21","20:00","","8.7","","7.7","","94","","2.9","","","","","","","","99.23","","","","","","NA"
"-79.40","43.67","TORONTO CITY","6158355","2025-05-21 21:00","2025","05","21","21:00","","8.3","","7.4","","94","","1.2","","","","","","","","99.18","","","","","","NA"
"-79.40","43.67","TORONTO CITY","6158355","2025-05-21 22:00","2025","05","21","22:00","","7.9","","7.1","","94","","0.6","","","","","","","","99.17","","","","","","NA"
"-79.40","43.67","TORONTO CITY","6158355","2025-05-21 23:00","2025","05","21","23:00","","7.8","","6.9","","94","","3.4","","","","","","","","99.12","","","","","","NA"
"-79.40","43.67","TORONTO CITY","6158355","2025-05-22 00:00","2025","05","22","00:00","","7.4","","6.5","","94","","2.3","","","","","","","","99.09","","","","","","NA"
"-79.40","43.67","TORONTO CITY","6158355","2025-05-22 01:00","2025","05","22","01:00","","7.3","","6.3","","94","","3.0","","","","","","","","99.05","","","","","","NA"
"-79.40","43.67","TORONTO CITY","6158355","2025-05-22 02:00","2025","05","22","02:00","","7.3","","6.3","","94","","4.3","","","","","","","","98.99","","","","","","NA"
"-79.40","43.67","TORONTO CITY","6158355","2025-05-22 03:00","2025","05","22","03:00","","7.3","","6.3","","94","","2.9","","","","","","","","98.93","","","","","","NA"
"-79.40","43.67","TORONTO CITY","6158355","2025-05-22 04:00","2025","05","22","04:00","","7.1","","6.2","","94","","1.1","","","","","","","","98.90","","","","","","NA"
"-79.40","43.67","TORONTO CITY","6158355","2025-05-22 05:00","2025","05","22","05:00","","7.2","","6.3","","94","","1.7","","","","","","","","98.88","","","","","","NA"
"-79.40","43.67","TORONTO CITY","6158355","2025-05-22 06:00","2025","05","22","06:00","","7.1","","6.2","","94","","1.1","","","","","","","","98.90","","","","","","NA"
"-79.40","43.67","TORONTO CITY","6158355","2025-05-22 07:00","2025","05","22","07:00","","7.0","","6.1","","94","","0.8","","","","","","","","98.90","","","","","","NA"
"-79.40","43.67","TORONTO CITY","6158355","2025-05-22 08:00","2025","05","22","08:00","","7.4","","6.6","","94","","2.2","","","","","","","","98.92","","","","","","NA"
"-79.40","43.67","TORONTO CITY","6158355","2025-05-22 09:00","2025","05","22","09:00","","7.9","","7.0","","94","","1.6","","","","","","","","98.95","","","","","","NA"
"-79.40","43.67","TORONTO CITY","6158355","2025-05-22 10:00","2025","05","22","10:00","","7.7","","6.9","","94","","2.3","","","","","","","","98.98","","","","","","NA"
"-79.40","43.67","TORONTO CITY","6158355","2025-05-22 11:00","2025","05","22","11:00","","8.0","","7.2","","94","","1.8","","","","","","","","99.01","","","","","","NA"
"-79.40","43.67","TORONTO CITY","6158355","2025-05-22 12:00","2025","05","22","12:00","","8.3","","7.5","","94","","1.4","","","","","","","","99.01","","","","","","NA"
"-79.40","43.67","TORONTO CITY","6158355","2025-05-22 13:00","2025","05","22","13:00","","8.3","","7.4","","94","","1.0","","","","","","","","99.02","","","","","","NA"
"-79.40","43.67","TORONTO CITY","6158355","2025-05-22 14:00","2025","05","22","14:00","","8.4","","7.6","","94","","1.4","","","","","","","","99.03","","","","","","NA"
"-79.40","43.67","TORONTO CITY","6158355","2025-05-22 15:00","2025","05","22","15:00","","8.5","","7.7","","94","","0.7","","","","","","","","99.04","","","","","","NA"
"-79.40","43.67","TORONTO CITY","6158355","2025-05-22 16:00","2025","05","22","16:00","","9.0","","8.1","","94","","1.0","","","","","","","","99.07","","","","","","NA"
"-79.40","43.67","TORONTO CITY","6158355","2025-05-22 17:00","2025","05","22","17:00","","8.7","","7.8","","94","","0.2","","","","","","","","99.10","","","","","","NA"
"-79.40","43.67","TORONTO CITY","6158355","2025-05-22 18:00","2025","05","22","18:00","","8.6","","7.7","","94","","0.6","","","","","","","","99.13","","","","","","NA"
"-79.40","43.67","TORONTO CITY","6158355","2025-05-22 19:00","2025","05","22","19:00","","8.4","","7.5","","94","","0.5","","","","","","","","99.16","","","","","","NA"
"-79.40","43.67","TORONTO CITY","6158355","2025-05-22 20:00","2025","05","22","20:00","","8.2","","7.3","","94","","0.3","","","","","","","","99.18","","","","","","NA"
"-79.40","43.67","TORONTO CITY","6158355","2025-05-22 21:00","2025","05","22","21:00","","8.3","","7.5","","95","","0.0","","","","","","","","99.20","","","","","","NA"
"-79.40","43.67","TORONTO CITY","6158355","2025-05-22 22:00","2025","05","22","22:00","","8.5","","7.7","","95","","0.0","","","","","","","","99.21","","","","","","NA"
"-79.40","43.67","TORONTO CITY","6158355","2025-05-22 23:00","2025","05","22","23:00","","8.8","","8.0","","95","","0.0","","","","","","","","99.22","","","","","","NA"
"-79.40","43.67","TORONTO CITY","6158355","2025-05-23 00:00","2025","05","23","00:00","","9.0","","8.2","","95","","0.0","","","","","","","","99.22","","","","","","NA"
"-79.40","43.67","TORONTO CITY","6158355","2025-05-23 01:00","2025","05","23","01:00","","9.2","","8.5","","95","","0.2","","","","","","","","99.20","","","","","","NA"
"-79.40","43.67","TORONTO CITY","6158355","2025-05-23 02:00","2025","05","23","02:00","","9.4","","8.6","","95","","0.2","","","","","","","","99.18","","","","","","NA"
"-79.40","43.67","TORONTO CITY","6158355","2025-05-23 03:00","2025","05","23","03:00","","9.7","","8.8","","94","","0.2","","","","","","","","99.20","","","","","","NA"
"-79.40","43.67","TORONTO CITY","6158355","2025-05-23 04:00","2025","05","23","04:00","","8.8","","7.3","","90","","0.2","","","","","","","","99.26","","","","","","NA"
"-79.40","43.67","TORONTO CITY","6158355","2025-05-23 05:00","2025","05","23","05:00","","8.6","","7.4","","92","","0.6","","","","","","","","99.29","","","","","","NA"
"-79.40","43.67","TORONTO CITY","6158355","2025-05-23 06:00","2025","05","23","06:00","","8.6","","7.1","","90","","0.5","","","","","","","","99.35","","","","","","NA"
"-79.40","43.67","TORONTO CITY","6158355","2025-05-23 07:00","2025","05","23","07:00","","8.8","","6.9","","88","","0.2","","","","","","","","99.38","","","","","","NA"
"-79.40","43.67","TORONTO CITY","6158355","2025-05-23 08:00","2025","05","23","08:00","","9.6","","6.7","","82","","0.0","","","","","","","","99.41","","","","","","NA"
"-79.40","43.67","TORONTO CITY","6158355","2025-05-23 09:00","2025","05","23","09:00","","10.5","","5.7","","72","","0.0","","","","","","","","99.44","","","","","","NA"
"-79.40","43.67","TORONTO CITY","6158355","2025-05-23 10:00","2025","05","23","10:00","","11.4","","6.0","","69","","0.0","","","","","","","","99.48","","","","","","NA"
"-79.40","43.67","TORONTO CITY","6158355","2025-05-23 11:00","2025","05","23","11:00","","11.4","","5.8","","68","","0.0","","","","","","","","99.51","","","","","","NA"
"-79.40","43.67","TORONTO CITY","6158355","2025-05-23 12:00","2025","05","23","12:00","","12.2","","5.7","","65","","0.0","","","","","","","","99.54","","","","","","NA"
"-79.40","43.67","TORONTO CITY","6158355","2025-05-23 13:00","2025","05","23","13:00","","12.7","","5.6","","62","","0.0","","","","","","","","99.57","","","","","","NA"
"-79.40","43.67","TORONTO CITY","6158355","2025-05-23 14:00","2025","05","23","14:00","","11.7","","6.4","","70","","0.0","","","","","","","","99.63","","","","","","NA"
"-79.40","43.67","TORONTO CITY","6158355","2025-05-23 15:00","2025","05","23","15:00","","11.8","","6.4","","69","","0.0","","","","","","","","99.66","","","","","","NA"
"-79.40","43.67","TORONTO CITY","6158355","2025-05-23 16:00","2025","05","23","16:00","","11.9","","5.4","","64","","0.0","","","","","","","","99.68","","","","","","NA"
"-79.40","43.67","TORONTO CITY","6158355","2025-05-23 17:00","2025","05","23","17:00","","11.9","","5.7","","66","","0.0","","","","","","","","99.72","","","","","","NA"
"-79.40","43.67","TORONTO CITY","6158355","2025-05-23 18:00","2025","05","23","18:00","","11.9","","6.0","","67","","0.0","","","","","","","","99.73","","","","","","NA"
"-79.40","43.67","TORONTO CITY","6158355","2025-05-23 19:00","2025","05","23","19:00","","11.8","","6.1","","68","","0.0","","","","","","","","99.77","","","","","","NA"
"-79.40","43.67","TORONTO CITY","6158355","2025-05-23 20:00","2025","05","23","20:00","","9.6","","7.6","","87","","0.0","","","","","","","","99.84","","","","","","NA"
"-79.40","43.67","TORONTO CITY","6158355","2025-05-23 21:00","2025","05","23","21:00","","10.0","","7.0","","82","","0.0","","","","","","","","99.90","","","","","","NA"
"-79.40","43.67","TORONTO CITY","6158355","2025-05-23 22:00","2025","05","23","22:00","","10.0","","6.2","","78","","0.0","","","","","","","","99.91","","","","","","NA"
"-79.40","43.67","TORONTO CITY","6158355","2025-05-23 23:00","2025","05","23","23:00","","9.6","","6.9","","84","","0.0","","","","","","","","99.91","","","","","","NA"
"-79.40","43.67","TORONTO CITY","6158355","2025-05-24 00:00","2025","05","24","00:00","","9.9","","6.8","","81","","0.0","","","","","","","","99.93","","","","","","NA"
"-79.40","43.67","TORONTO CITY","6158355","2025-05-24 01:00","2025","05","24","01:00","","9.6","","6.6","","82","","0.0","","","","","","","","99.93","","","","","","NA"
"-79.40","43.67","TORONTO CITY","6158355","2025-05-24 02:00","2025","05","24","02:00","","9.5","","6.2","","79","","0.0","","","","","","","","99.94","","","","","","NA"
"-79.40","43.67","TORONTO CITY","6158355","2025-05-24 03:00","2025","05","24","03:00","","9.6","","6.0","","78","","0.0","","","","","","","","99.96","","","","","","NA"
"-79.40","43.67","TORONTO CITY","6158355","2025-05-24 04:00","2025","05","24","04:00","","9.5","","6.2","","80","","0.0","","","","","","","","100.01","","","","","","NA"
"-79.40","43.67","TORONTO CITY","6158355","2025-05-24 05:00","2025","05","24","05:00","","9.4","","6.7","","83","","0.0","","","","","","","","100.07","","","","","","NA"
"-79.40","43.67","TORONTO CITY","6158355","2025-05-24 06:00","2025","05","24","06:00","","9.8","","6.9","","82","","0.0","","","","","","","","100.15","","","","","","NA"
"-79.40","43.67","TORONTO CITY","6158355","2025-05-24 07:00","2025","05","24","07:00","","10.5","","6.9","","78","","0.0","","","","","","","","100.18","","","","","","NA"
"-79.40","43.67","TORONTO CITY","6158355","2025-05-24 08:00","2025","05","24","08:00","","11.2","","7.0","","75","","0.0","","","","","","","","100.21","","","","","","NA"
"-79.40","43.67","TORONTO CITY","6158355","2025-05-24 09:00","2025","05","24","09:00","","12.7","","6.7","","67","","0.0","","","","","","","","100.19","","","","","","NA"
"-79.40","43.67","TORONTO CITY","6158355","2025-05-24 10:00","2025","05","24","10:00","","13.1","","6.6","","65","","0.0","","","","","","","","100.22","","","","","","NA"
"-79.40","43.67","TORONTO CITY","6158355","2025-05-24 11:00","2025","05","24","11:00","","13.2","","6.5","","64","","0.0","","","","","","","","100.23","","","","","","NA"
"-79.40","43.67","TORONTO CITY","6158355","2025-05-24 12:00","2025","05","24","12:00","","14.7","","5.0","","52","","0.0","","","","","","","","100.28","","","","","","NA"
"-79.40","43.67","TORONTO CITY","6158355","2025-05-24 13:00","2025","05","24","13:00","","15.3","","5.3","","51","","0.0","","","","","","","","100.32","","","","","","NA"
"-79.40","43.67","TORONTO CITY","6158355","2025-05-24 14:00","2025","05","24","14:00","","15.0","","5.8","","54","","0.0","","","","","","","","100.34","","","","","","NA"
"-79.40","43.67","TORONTO CITY","6158355","2025-05-24 15:00","2025","05","24","15:00","","15.7","","5.4","","50","","0.0","","","","","","","","100.34","","","","","","NA"
"-79.40","43.67","TORONTO CITY","6158355","2025-05-24 16:00","2025","05","24","16:00","","14.6","","6.0","","56","","0.0","","","","","","","","100.42","","","","","","NA"
"-79.40","43.67","TORONTO CITY","6158355","2025-05-24 17:00","2025","05","24","17:00","","12.8","","8.3","","74","","0.3","","","","","","","","100.51","","","","","","NA"
"-79.40","43.67","TORONTO CITY","6158355","2025-05-24 18:00","2025","05","24","18:00","","13.2","","6.5","","64","","0.0","","","","","","","","100.57","","","","","","NA"
"-79.40","43.67","TORONTO CITY","6158355","2025-05-24 19:00","2025","05","24","19:00","","12.8","","7.2","","69","","0.0","","","","","","","","100.63","","","","","","NA"
"-79.40","43.67","TORONTO CITY","6158355","2025-05-24 20:00","2025","05","24","20:00","","12.3","","5.7","","64","","0.0","","","","","","","","100.66","","","","","","NA"
"-79.40","43.67","TORONTO CITY","6158355","2025-05-24 21:00","2025","05","24","21:00","","11.1","","5.8","","70","","0.0","","","","","","","","100.69","","","","","","NA"
"-79.40","43.67","TORONTO CITY","6158355","2025-05-24 22:00","2025","05","24","22:00","","10.3","","6.1","","75","","0.0","","","","","","","","100.71","","","","","","NA"
"-79.40","43.67","TORONTO CITY","6158355","2025-05-24 23:00","2025","05","24","23:00","","10.5","","5.7","","72","","0.0","","","","","","","","100.71","","","","","","NA"
"-79.40","43.67","TORONTO CITY","6158355","2025-05-25 00:00","2025","05","25","00:00","","9.7","","5.6","","75","","0.0","","","","","","","","100.71","","","","","","NA"
"-79.40","43.67","TORONTO CITY","6158355","2025-05-25 01:00","2025","05","25","01:00","","9.1","","5.1","","76","","0.0","","","","","","","","100.68","","","","","","NA"
"-79.40","43.67","TORONTO CITY","6158355","2025-05-25 02:00","2025","05","25","02:00","","8.6","","5.0","","78","","0.0","","","","","","","","100.71","","","","","","NA"
"-79.40","43.67","TORONTO CITY","6158355","2025-05-25 03:00","2025","05","25","03:00","","8.5","","5.0","","79","","0.0","","","","","","","","100.72","","","","","","NA"
"-79.40","43.67","TORONTO CITY","6158355","2025-05-25 04:00","2025","05","25","04:00","","8.0","","4.9","","80","","0.0","","","","","","","","100.71","","","","","","NA"
"-79.40","43.67","TORONTO CITY","6158355","2025-05-25 05:00","2025","05","25","05:00","","8.2","","5.0","","80","","0.0","","","","","","","","100.75","","","","","","NA"
"-79.40","43.67","TORONTO CITY","6158355","2025-05-25 06:00","2025","05","25","06:00","","8.5","","5.3","","80","","0.0","","","","","","","","100.80","","","","","","NA"
"-79.40","43.67","TORONTO CITY","6158355","2025-05-25 07:00","2025","05","25","07:00","","11.2","","5.8","","69","","0.0","","","","","","","","100.79","","","","","","NA"
"-79.40","43.67","TORONTO CITY","6158355","2025-05-25 08:00","2025","05","25","08:00","","13.3","","6.5","","63","","0.0","","","","","","","","100.81","","","","","","NA"
"-79.40","43.67","TORONTO CITY","6158355","2025-05-25 09:00","2025","05","25","09:00","","14.6","","6.9","","60","","0.0","","","","","","","","100.80","","","","","","NA"
"-79.40","43.67","TORONTO CITY","6158355","2025-05-25 10:00","2025","05","25","10:00","","17.1","","7.5","","53","","0.0","","","","","","","","100.80","","","","","","NA"
"-79.40","43.67","TORONTO CITY","6158355","2025-05-25 11:00","2025","05","25","11:00","","16.8","","6.2","","50","","0.0","","","","","","","","100.80","","","","","","NA"
"-79.40","43.67","TORONTO CITY","6158355","2025-05-25 12:00","2025","05","25","12:00","","12.1","","8.1","","76","","1.7","","","","","","","","100.85","","","","","","NA"
"-79.40","43.67","TORONTO CITY","6158355","2025-05-25 13:00","2025","05","25","13:00","","12.5","","9.3","","81","","1.4","","","","","","","","100.79","","","","","","NA"
"-79.40","43.67","TORONTO CITY","6158355","2025-05-25 14:00","2025","05","25","14:00","","12.6","","9.6","","82","","1.1","","","","","","","","100.79","","","","","","NA"
"-79.40","43.67","TORONTO CITY","6158355","2025-05-25 15:00","2025","05","25","15:00","","12.2","","9.5","","83","","0.0","","","","","","","","100.82","","","","","","NA"
"-79.40","43.67","TORONTO CITY","6158355","2025-05-25 16:00","2025","05","25","16:00","","12.4","","9.3","","81","","1.1","","","","","","","","100.79","","","","","","NA"
"-79.40","43.67","TORONTO CITY","6158355","2025-05-25 17:00","2025","05","25","17:00","","13.8","","10.7","","82","","0.0","","","","","","","","100.80","","","","","","NA"
"-79.40","43.67","TORONTO CITY","6158355","2025-05-25 18:00","2025","05","25","18:00","","14.1","","10.0","","77","","0.0","","","","","","","","100.79","","","","","","NA"
"-79.40","43.67","TORONTO CITY","6158355","2025-05-25 19:00","2025","05","25","19:00","","12.5","","10.1","","85","","0.0","","","","","","","","100.83","","","","","","NA"
"-79.40","43.67","TORONTO CITY","6158355","2025-05-25 20:00","2025","05","25","20:00","","11.5","","9.2","","86","","0.0","","","","","","","","100.87","","","","","","NA"
"-79.40","43.67","TORONTO CITY","6158355","2025-05-25 21:00","2025","05","25","21:00","","12.4","","8.2","","75","","0.0","","","","","","","","100.92","","","","","","NA"
"-79.40","43.67","TORONTO CITY","6158355","2025-05-25 22:00","2025","05","25","22:00","","11.4","","7.6","","77","","0.0","","","","","","","","100.92","","","","","","NA"
"-79.40","43.67","TORONTO CITY","6158355","2025-05-25 23:00","2025","05","25","23:00","","11.6","","7.5","","76","","0.0","","","","","","","","100.91","","","","","","NA"
"-79.40","43.67","TORONTO CITY","6158355","2025-05-26 00:00","2025","05","26","00:00","","11.0","","7.4","","78","","0.0","","","","","","","","100.84","","","","","","NA"
"-79.40","43.67","TORONTO CITY","6158355","2025-05-26 01:00","2025","05","26","01:00","","10.5","","7.1","","79","","0.0","","","","","","","","100.82","","","","","","NA"
"-79.40","43.67","TORONTO CITY","6158355","2025-05-26 02:00","2025","05","26","02:00","","9.8","","6.6","","80","","0.0","","","","","","","","100.89","","","","","","NA"
"-79.40","43.67","TORONTO CITY","6158355","2025-05-26 03:00","2025","05","26","03:00","","9.0","","6.3","","83","","0.0","","","","","","","","100.95","","","","","","NA"
"-79.40","43.67","TORONTO CITY","6158355","2025-05-26 04:00","2025","05","26","04:00","","8.2","","6.1","","87","","0.0","","","","","","","","100.96","","","","","","NA"
"-79.40","43.67","TORONTO CITY","6158355","2025-05-26 05:00","2025","05","26","05:00","","7.8","","6.2","","90","","0.0","","","","","","","","101.00","","","","","","NA"
"-79.40","43.67","TORONTO CITY","6158355","2025-05-26 06:00","2025","05","26","06:00","","8.3","","6.4","","88","","0.0","","","","","","","","101.07","","","","","","NA"
"-79.40","43.67","TORONTO CITY","6158355","2025-05-26 07:00","2025","05","26","07:00","","10.6","","6.5","","76","","0.0","","","","","","","","101.09","","","","","","NA"
"-79.40","43.67","TORONTO CITY","6158355","2025-05-26 08:00","2025","05","26","08:00","","13.2","","7.3","","67","","0.0","","","","","","","","101.15","","","","","","NA"
"-79.40","43.67","TORONTO CITY","6158355","2025-05-26 09:00","2025","05","26","09:00","","14.8","","8.0","","64","","0.0","","","","","","","","101.18","","","","","","NA"
"-79.40","43.67","TORONTO CITY","6158355","2025-05-26 10:00","2025","05","26","10:00","","16.8","","8.5","","58","","0.0","","","","","","","","101.18","","","","","","NA"
"-79.40","43.67","TORONTO CITY","6158355","2025-05-26 11:00","2025","05","26","11:00","","16.0","","7.9","","58","","0.0","","","","","","","","101.22","","","","","","NA"
"-79.40","43.67","TORONTO CITY","6158355","2025-05-26 12:00","2025","05","26","12:00","","17.4","","7.0","","50","","0.0","","","","","","","","101.17","","","","","","NA"
"-79.40","43.67","TORONTO CITY","6158355","2025-05-26 13:00","2025","05","26","13:00","","19.1","","8.4","","50","","0.0","","","","","","","","101.14","","","","","","NA"
"-79.40","43.67","TORONTO CITY","6158355","2025-05-26 14:00","2025","05","26","14:00","","19.4","","7.1","","45","","0.0","","","","","","","","101.13","","","","","","NA"
"-79.40","43.67","TORONTO CITY","6158355","2025-05-26 15:00","2025","05","26","15:00","","18.2","","6.7","","47","","0.0","","","","","","","","101.12","","","","","","NA"
"-79.40","43.67","TORONTO CITY","6158355","2025-05-26 16:00","2025","05","26","16:00","","19.1","","7.0","","45","","0.0","","","","","","","","101.08","","","","","","NA"
"-79.40","43.67","TORONTO CITY","6158355","2025-05-26 17:00","2025","05","26","17:00","","18.9","","6.4","","44","","0.0","","","","","","","","101.07","","","","","","NA"
"-79.40","43.67","TORONTO CITY","6158355","2025-05-26 18:00","2025","05","26","18:00","","18.5","","6.1","","44","","0.0","","","","","","","","101.11","","","","","","NA"
"-79.40","43.67","TORONTO CITY","6158355","2025-05-26 19:00","2025","05","26","19:00","","17.6","","4.7","","43","","0.0","","","","","","","","101.10","","","","","","NA"
"-79.40","43.67","TORONTO CITY","6158355","2025-05-26 20:00","2025","05","26","20:00","","15.7","","5.4","","50","","0.0","","","","","","","","101.13","","","","","","NA"
"-79.40","43.67","TORONTO CITY","6158355","2025-05-26 21:00","2025","05","26","21:00","","15.1","","6.6","","57","","0.0","","","","","","","","101.19","","","","","","NA"
"-79.40","43.67","TORONTO CITY","6158355","2025-05-26 22:00","2025","05","26","22:00","","13.8","","6.8","","62","","0.0","","","","","","","","101.18","","","","","","NA"
"-79.40","43.67","TORONTO CITY","6158355","2025-05-26 23:00","2025","05","26","23:00","","13.8","","6.3","","60","","0.0","","","","","","","","101.19","","","","","","NA"
"-79.40","43.67","TORONTO CITY","6158355","2025-05-27 00:00","2025","05","27","00:00","","14.0","","5.4","","56","","0.0","","","","","","","","101.20","","","","","","NA"
"-79.40","43.67","TORONTO CITY","6158355","2025-05-27 01:00","2025","05","27","01:00","","14.8","","7.0","","59","","0.0","","","","","","","","101.20","","","","","","NA"
"-79.40","43.67","TORONTO CITY","6158355","2025-05-27 02:00","2025","05","27","02:00","","14.2","","7.3","","63","","0.0","","","","","","","","101.22","","","","","","NA"
"-79.40","43.67","TORONTO CITY","6158355","2025-05-27 03:00","2025","05","27","03:00","","11.9","","7.1","","73","","0.0","","","","","","","","101.27","","","","","","NA"
"-79.40","43.67","TORONTO CITY","6158355","2025-05-27 04:00","2025","05","27","04:00","","10.8","","5.9","","72","","0.0","","","","","","","","101.32","","","","","","NA"
"-79.40","43.67","TORONTO CITY","6158355","2025-05-27 05:00","2025","05","27","05:00","","10.3","","6.5","","77","","0.0","","","","","","","","101.32","","","","","","NA"
"-79.40","43.67","TORONTO CITY","6158355","2025-05-27 06:00","2025","05","27","06:00","","12.3","","7.2","","71","","0.0","","","","","","","","101.34","","","","","","NA"
"-79.40","43.67","TORONTO CITY","6158355","2025-05-27 07:00","2025","05","27","07:00","","15.4","","7.6","","60","","0.0","","","","","","","","101.34","","","","","","NA"
"-79.40","43.67","TORONTO CITY","6158355","2025-05-27 08:00","2025","05","27","08:00","","17.9","","5.6","","44","","0.0","","","","","","","","101.31","","","","","","NA"
"-79.40","43.67","TORONTO CITY","6158355","2025-05-27 09:00","2025","05","27","09:00","","19.5","","5.7","","40","","0.0","","","","","","","","101.34","","","","","","NA"
"-79.40","43.67","TORONTO CITY","6158355","2025-05-27 10:00","2025","05","27","10:00"
"-79.40","43.67","TORONTO CITY","6158355","2025-05-27 11:00","2025","05","27","11:00","","20.6","","7.3","","42","","0.0","","","","","","","","101.35","","","","","","NA"
"-79.40","43.67","TORONTO CITY","6158355","2025-05-27 12:00","2025","05","27","12:00","","20.8","","5.4","","36","","0.0","","","","","","","","101.30","","","","","","NA"
"-79.40","43.67","TORONTO CITY","6158355","2025-05-27 13:00","2025","05","27","13:00","","21.6","","4.8","","34","","0.0","","","","","","","","101.23","","","","","","NA"
"-79.40","43.67","TORONTO CITY","6158355","2025-05-27 14:00","2025","05","27","14:00","","21.5","","4.4","","33","","0.0","","","","","","","","101.18","","","","","","NA"
"-79.40","43.67","TORONTO CITY","6158355","2025-05-27 15:00","2025","05","27","15:00","","21.4","","5.6","","36","","0.0","","","","","","","","101.16","","","","","","NA"
"-79.40","43.67","TORONTO CITY","6158355","2025-05-27 16:00","2025","05","27","16:00","","21.3","","6.8","","39","","0.0","","","","","","","","101.12","","","","","","NA"
"-79.40","43.67","TORONTO CITY","6158355","2025-05-27 17:00","2025","05","27","17:00","","21.2","","6.4","","38","","0.0","","","","","","","","101.08","","","","","","NA"
"-79.40","43.67","TORONTO CITY","6158355","2025-05-27 18:00","2025","05","27","18:00","","20.9","","5.6","","37","","0.0","","","","","","","","101.02","","","","","","NA"
"-79.40","43.67","TORONTO CITY","6158355","2025-05-27 19:00","2025","05","27","19:00","","19.6","","5.2","","39","","0.0","","","","","","","","100.99","","","","","","NA"
"-79.40","43.67","TORONTO CITY","6158355","2025-05-27 20:00","2025","05","27","20:00","","17.7","","4.7","","42","","0.0","","","","","","","","100.96","","","","","","NA"
"-79.40","43.67","TORONTO CITY","6158355","2025-05-27 21:00","2025","05","27","21:00","","16.9","","4.1","","43","","0.0","","","","","","","","100.97","","","","","","NA"
"-79.40","43.67","TORONTO CITY","6158355","2025-05-27 22:00","2025","05","27","22:00","","16.5","","4.2","","44","","0.0","","","","","","","","100.96","","","","","","NA"
"-79.40","43.67","TORONTO CITY","6158355","2025-05-27 23:00","2025","05","27","23:00","","15.7","","4.3","","47","","0.0","","","","","","","","100.94","","","","","","NA"
"-79.40","43.67","TORONTO CITY","6158355","2025-05-28 00:00","2025","05","28","00:00","","15.0","","4.1","","48","","0.0","","","","","","","","100.95","","","","","","NA"
"-79.40","43.67","TORONTO CITY","6158355","2025-05-28 01:00","2025","05","28","01:00","","14.1","","5.5","","56","","0.0","","","","","","","","100.94","","","","","","NA"
"-79.40","43.67","TORONTO CITY","6158355","2025-05-28 02:00","2025","05","28","02:00","","13.1","","6.0","","62","","0.0","","","","","","","","100.96","","","","","","NA"
"-79.40","43.67","TORONTO CITY","6158355","2025-05-28 03:00","2025","05","28","03:00","","12.5","","6.0","","65","","0.0","","","","","","","","100.94","","","","","","NA"
"-79.40","43.67","TORONTO CITY","6158355","2025-05-28 04:00","2025","05","28","04:00","","12.5","","6.2","","65","","0.0","","","","","","","","100.90","","","","","","NA"
"-79.40","43.67","TORONTO CITY","6158355","2025-05-28 05:00","2025","05","28","05:00","","12.5","","6.5","","67","","0.0","","","","","","","","100.86","","","","","","NA"
"-79.40","43.67","TORONTO CITY","6158355","2025-05-28 06:00","2025","05","28","06:00","","12.9","","7.3","","69","","0.0","","","","","","","","100.88","","","","","","NA"
"-79.40","43.67","TORONTO CITY","6158355","2025-05-28 07:00","2025","05","28","07:00","","14.6","","8.4","","66","","0.0","","","","","","","","100.88","","","","","","NA"
"-79.40","43.67","TORONTO CITY","6158355","2025-05-28 08:00","2025","05","28","08:00","","16.5","","8.4","","59","","0.0","","","","","","","","100.90","","","","","","NA"
"-79.40","43.67","TORONTO CITY","6158355","2025-05-28 09:00","2025","05","28","09:00","","16.1","","8.1","","59","","0.0","","","","","","","","100.90","","","","","","NA"
"-79.40","43.67","TORONTO CITY","6158355","2025-05-28 10:00","2025","05","28","10:00","","16.6","","8.3","","58","","0.0","","","","","","","","100.87","","","","","","NA"
"-79.40","43.67","TORONTO CITY","6158355","2025-05-28 11:00","2025","05","28","11:00","","15.9","","8.3","","60","","0.0","","","","","","","","100.90","","","","","","NA"
"-79.40","43.67","TORONTO CITY","6158355","2025-05-28 12:00","2025","05","28","12:00","","15.5","","8.5","","63","","0.0","","","","","","","","100.85","","","","","","NA"
"-79.40","43.67","TORONTO CITY","6158355","2025-05-28 13:00","2025","05","28","13:00","","14.2","","8.1","","67","","0.0","","","","","","","","100.79","","","","","","NA"
"-79.40","43.67","TORONTO CITY","6158355","2025-05-28 14:00","2025","05","28","14:00","","14.4","","8.7","","69","","0.0","","","","","","","","100.73","","","","","","NA"
"-79.40","43.67","TORONTO CITY","6158355","2025-05-28 15:00","2025","05","28","15:00","","13.4","","8.7","","73","","0.0","","","","","","","","100.69","","","","","","NA"
"-79.40","43.67","TORONTO CITY","6158355","2025-05-28 16:00","2025","05","28","16:00","","13.3","","10.2","","81","","0.0","","","","","","","","100.62","","","","","","NA"
"-79.40","43.67","TORONTO CITY","6158355","2025-05-28 17:00","2025","05","28","17:00","","13.1","","11.3","","89","","0.3","","","","","","","","100.57","","","","","","NA"
"-79.40","43.67","TORONTO CITY","6158355","2025-05-28 18:00","2025","05","28","18:00","","12.8","","10.7","","87","","0.1","","","","","","","","100.54","","","","","","NA"
"-79.40","43.67","TORONTO CITY","6158355","2025-05-28 19:00","2025","05","28","19:00","","12.4","","11.0","","91","","0.6","","","","","","","","100.52","","","","","","NA"
"-79.40","43.67","TORONTO CITY","6158355","2025-05-28 20:00","2025","05","28","20:00","","11.7","","10.2","","91","","0.3","","","","","","","","100.49","","","","","","NA"
"-79.40","43.67","TORONTO CITY","6158355","2025-05-28 21:00","2025","05","28","21:00","","11.5","","10.3","","92","","0.4","","","","","","","","100.47","","","","","","NA"
"-79.40","43.67","TORONTO CITY","6158355","2025-05-28 22:00","2025","05","28","22:00","","11.8","","10.7","","93","","0.2","","","","","","","","100.43","","","","","","NA"
"-79.40","43.67","TORONTO CITY","6158355","2025-05-28 23:00","2025","05","28","23:00","","11.8","","10.8","","94","","0.8","","","","","","","","100.37","","","","","","NA"
"-79.40","43.67","TORONTO CITY","6158355","2025-05-29 00:00","2025","05","29","00:00","","12.0","","11.1","","94","","0.5","","","","","","","","100.33","","","","","","NA"
"-79.40","43.67","TORONTO CITY","6158355","2025-05-29 01:00","2025","05","29","01:00","","12.0","","11.1","","95","","1.7","","","","","","","","100.27","","","","","","NA"
"-79.40","43.67","TORONTO CITY","6158355","2025-05-29 02:00","2025","05","29","02:00","","11.8","","11.0","","95","","0.3","","","","","","","","100.21","","","","","","NA"
"-79.40","43.67","TORONTO CITY","6158355","2025-05-29 03:00","2025","05","29","03:00","","12.0","","11.2","","95","","0.5","","","","","","","","100.20","","","","","","NA"
"-79.40","43.67","TORONTO CITY","6158355","2025-05-29 04:00","2025","05","29","04:00","","12.2","","11.4","","95","","0.2","","","","","","","","100.18","","","","","","NA"
"-79.40","43.67","TORONTO CITY","6158355","2025-05-29 05:00","2025","05","29","05:00","","12.8","","12.0","","95","","0.0","","","","","","","","100.17","","","","","","NA"
"-79.40","43.67","TORONTO CITY","6158355","2025-05-29 06:00","2025","05","29","06:00","","12.7","","11.9","","95","","0.0","","","","","","","","100.18","","","","","","NA"
"-79.40","43.67","TORONTO CITY","6158355","2025-05-29 07:00","2025","05","29","07:00","","13.0","","12.1","","94","","0.1","","","","","","","","100.16","","","","","","NA"
"-79.40","43.67","TORONTO CITY","6158355","2025-05-29 08:00","2025","05","29","08:00","","13.2","","12.0","","92","","0.0","","","","","","","","100.18","","","","","","NA"
"-79.40","43.67","TORONTO CITY","6158355","2025-05-29 09:00","2025","05","29","09:00","","14.9","","12.7","","87","","0.0","","","","","","","","100.16","","","","","","NA"
"-79.40","43.67","TORONTO CITY","6158355","2025-05-29 10:00","2025","05","29","10:00","","14.7","","12.0","","84","","0.0","","","","","","","","100.13","","","","","","NA"
"-79.40","43.67","TORONTO CITY","6158355","2025-05-29 11:00","2025","05","29","11:00","","15.4","","11.6","","78","","0.0","","","","","","","","100.12","","","","","","NA"
"-79.40","43.67","TORONTO CITY","6158355","2025-05-29 12:00","2025","05","29","12:00","","17.3","","12.5","","74","","0.0","","","","","","","","100.05","","","","","","NA"
"-79.40","43.67","TORONTO CITY","6158355","2025-05-29 13:00","2025","05","29","13:00","","16.9","","12.2","","74","","0.0","","","","","","","","100.01","","","","","","NA"
"-79.40","43.67","TORONTO CITY","6158355","2025-05-29 14:00","2025","05","29","14:00","","16.7","","12.0","","74","","0.0","","","","","","","","99.96","","","","","","NA"
"-79.40","43.67","TORONTO CITY","6158355","2025-05-29 15:00","2025","05","29","15:00","","15.9","","11.3","","74","","0.0","","","","","","","","99.91","","","","","","NA"
"-79.40","43.67","TORONTO CITY","6158355","2025-05-29 16:00","2025","05","29","16:00","","16.8","","11.9","","73","","0.0","","","","","","","","99.86","","","","","","NA"
"-79.40","43.67","TORONTO CITY","6158355","2025-05-29 17:00","2025","05","29","17:00","","17.2","","12.4","","74","","0.0","","","","","","","","99.82","","","","","","NA"
"-79.40","43.67","TORONTO CITY","6158355","2025-05-29 18:00","2025","05","29","18:00","","16.8","","13.1","","79","","0.0","","","","","","","","99.78","","","","","","NA"
"-79.40","43.67","TORONTO CITY","6158355","2025-05-29 19:00","2025","05","29","19:00","","17.2","","12.6","","74","","0.0","","","","","","","","99.78","","","","","","NA"
"-79.40","43.67","TORONTO CITY","6158355","2025-05-29 20:00","2025","05","29","20:00","","16.9","","12.3","","74","","0.0","","","","","","","","99.71","","","","","","NA"
"-79.40","43.67","TORONTO CITY","6158355","2025-05-29 21:00","2025","05","29","21:00","","16.7","","12.0","","74","","0.0","","","","","","","","99.69","","","","","","NA"
"-79.40","43.67","TORONTO CITY","6158355","2025-05-29 22:00","2025","05","29","22:00","","15.9","","11.5","","75","","0.0","","","","","","","","99.68","","","","","","NA"
"-79.40","43.67","TORONTO CITY","6158355","2025-05-29 23:00","2025","05","29","23:00","","15.3","","11.9","","80","","0.0","","","","","","","","99.64","","","","","","NA"
"-79.40","43.67","TORONTO CITY","6158355","2025-05-30 00:00","2025","05","30","00:00","","15.5","","11.7","","78","","0.0","","","","","","","","99.59","","","","","","NA"
"-79.40","43.67","TORONTO CITY","6158355","2025-05-30 01:00","2025","05","30","01:00","","15.2","","11.7","","80","","0.0","","","","","","","","99.51","","","","","","NA"
"-79.40","43.67","TORONTO CITY","6158355","2025-05-30 02:00","2025","05","30","02:00","","14.3","","11.5","","84","","0.0","","","","","","","","99.43","","","","","","NA"
"-79.40","43.67","TORONTO CITY","6158355","2025-05-30 03:00","2025","05","30","03:00","","14.0","","11.5","","85","","0.0","","","","","","","","99.35","","","","","","NA"
"-79.40","43.67","TORONTO CITY","6158355","2025-05-30 04:00","2025","05","30","04:00","","12.7","","11.1","","90","","0.0","","","","","","","","99.28","","","","","","NA"
"-79.40","43.67","TORONTO CITY","6158355","2025-05-30 05:00","2025","05","30","05:00","","13.0","","11.8","","92","","0.0","","","","","","","","99.23","","","","","","NA"
"-79.40","43.67","TORONTO CITY","6158355","2025-05-30 06:00","2025","05","30","06:00","","13.3","","11.2","","87","","0.0","","","","","","","","99.21","","","","","","NA"
"-79.40","43.67","TORONTO CITY","6158355","2025-05-30 07:00","2025","05","30","07:00","","15.8","","10.2","","69","","0.0","","","","","","","","99.15","","","","","","NA"
"-79.40","43.67","TORONTO CITY","6158355","2025-05-30 08:00","2025","05","30","08:00","","17.6","","9.5","","59","","0.0","","","","","","","","99.19","","","","","","NA"
"-79.40","43.67","TORONTO CITY","6158355","2025-05-30 09:00","2025","05","30","09:00","","19.3","","9.7","","54","","0.0","","","","","","","","99.07","","","","","","NA"
"-79.40","43.67","TORONTO CITY","6158355","2025-05-30 10:00","2025","05","30","10:00","","20.2","","9.8","","51","","0.0","","","","","","","","99.02","","","","","","NA"
"-79.40","43.67","TORONTO CITY","6158355","2025-05-30 11:00","2025","05","30","11:00","","21.6","","10.5","","49","","0.0","","","","","","","","99.00","","","","","","NA"
"-79.40","43.67","TORONTO CITY","6158355","2025-05-30 12:00","2025","05","30","12:00","","21.5","","11.3","","52","","0.0","","","","","","","","98.90","","","","","","NA"
"-79.40","43.67","TORONTO CITY","6158355","2025-05-30 13:00","2025","05","30","13:00","","24.0","","11.0","","44","","0.0","","","","","","","","98.78","","26","","","","NA"
"-79.40","43.67","TORONTO CITY","6158355","2025-05-30 14:00","2025","05","30","14:00","","25.4","","8.7","","35","","0.0","","","","","","","","98.73","","26","","","","NA"
"-79.40","43.67","TORONTO CITY","6158355","2025-05-30 15:00","2025","05","30","15:00","","25.4","","10.7","","40","","0.0","","","","","","","","98.64","","27","","","","NA"
"-79.40","43.67","TORONTO CITY","6158355","2025-05-30 16:00","2025","05","30","16:00","","25.4","","8.8","","35","","0.0","","","","","","","","98.54","","26","","","","NA"
"-79.40","43.67","TORONTO CITY","6158355","2025-05-30 17:00","2025","05","30","17:00","","24.0","","8.3","","37","","0.0","","","","","","","","98.51","","25","","","","NA"
"-79.40","43.67","TORONTO CITY","6158355","2025-05-30 18:00","2025","05","30","18:00","","22.6","","9.4","","43","","0.0","","","","","","","","98.50","","","","","","NA"
"-79.40","43.67","TORONTO CITY","6158355","2025-05-30 19:00","2025","05","30","19:00","","22.1","","9.8","","46","","0.0","","","","","","","","98.48","","","","","","NA"
"-79.40","43.67","TORONTO CITY","6158355","2025-05-30 20:00","2025","05","30","20:00","","21.0","","9.3","","47","","0.0","","","","","","","","98.48","","","","","","NA"
"-79.40","43.67","TORONTO CITY","6158355","2025-05-30 21:00","2025","05","30","21:00","","18.9","","9.2","","53","","0.0","","","","","","","","98.51","","","","","","NA"
"-79.40","43.67","TORONTO CITY","6158355","2025-05-30 22:00","2025","05","30","22:00","","17.4","","10.0","","62","","0.0","","","","","","","","98.50","","","","","","NA"
"-79.40","43.67","TORONTO CITY","6158355","2025-05-30 23:00","2025","05","30","23:00","","15.8","","9.9","","68","","0.0","","","","","","","","98.49","","","","","","NA"
"-79.40","43.67","TORONTO CITY","6158355","2025-05-31 00:00","2025","05","31","00:00","","14.7","","9.3","","70","","0.0","","","","","","","","98.42","","","","","","NA"
"-79.40","43.67","TORONTO CITY","6158355","2025-05-31 01:00","2025","05","31","01:00","","14.3","","9.4","","72","","0.0","","","","","","","","98.38","","","","","","NA"
"-79.40","43.67","TORONTO CITY","6158355","2025-05-31 02:00","2025","05","31","02:00","","14.1","","9.7","","75","","0.0","","","","","","","","98.31","","","","","","NA"
"-79.40","43.67","TORONTO CITY","6158355","2025-05-31 03:00","2025","05","31","03:00","","13.6","","9.7","","77","","0.0","","","","","","","","98.33","","","","","","NA"
"-79.40","43.67","TORONTO CITY","6158355","2025-05-31 04:00","2025","05","31","04:00","","12.0","","9.2","","83","","0.0","","","","","","","","98.36","","","","","","NA"
"-79.40","43.67","TORONTO CITY","6158355","2025-05-31 05:00","2025","05","31","05:00","","11.1","","7.5","","79","","0.0","","","","","","","","98.40","","","","","","NA"
"-79.40","43.67","TORONTO CITY","6158355","2025-05-31 06:00","2025","05","31","06:00"
"-79.40","43.67","TORONTO CITY","6158355","2025-05-31 07:00","2025","05","31","07:00","","9.7","","5.5","","75","","0.0","","","","","","","","98.55","","","","","","NA"
"-79.40","43.67","TORONTO CITY","6158355","2025-05-31 08:00","2025","05","31","08:00","","10.1","","4.8","","69","","0.0","","","","","","","","98.57","","","","","","NA"
"-79.40","43.67","TORONTO CITY","6158355","2025-05-31 09:00","2025","05","31","09:00","","9.9","","4.4","","69","","0.0","","","","","","","","98.59","","","","","","NA"
"-79.40","43.67","TORONTO CITY","6158355","2025-05-31 10:00","2025","05","31","10:00","","10.3","","4.0","","65","","0.0","","","","","","","","98.60","","","","","","NA"
"-79.40","43.67","TORONTO CITY","6158355","2025-05-31 11:00","2025","05","31","11:00","","11.2","","3.3","","58","","0.0","","","","","","","","98.62","","","","","","NA"
"-79.40","43.67","TORONTO CITY","6158355","2025-05-31 12:00","2025","05","31","12:00","","11.3","","3.5","","59","","0.0","","","","","","","","98.64","","","","","","NA"
"-79.40","43.67","TORONTO CITY","6158355","2025-05-31 13:00","2025","05","31","13:00","","12.3","","4.0","","57","","0.0","","","","","","","","98.66","","","","","","NA"
"-79.40","43.67","TORONTO CITY","6158355","2025-05-31 14:00","2025","05","31","14:00","","12.3","","3.7","","56","","0.0","","","","","","","","98.70","","","","","","NA"
"-79.40","43.67","TORONTO CITY","6158355","2025-05-31 15:00","2025","05","31","15:00","","12.9","","3.8","","54","","0.0","","","","","","","","98.72","","","","","","NA"
"-79.40","43.67","TORONTO CITY","6158355","2025-05-31 16:00","2025","05","31","16:00","","13.0","","3.7","","53","","0.0","","","","","","","","98.77","","","","","","NA"
"-79.40","43.67","TORONTO CITY","6158355","2025-05-31 17:00","2025","05","31","17:00","","13.9","","3.2","","48","","0.0","","","","","","","","98.77","","","","","","NA"
"-79.40","43.67","TORONTO CITY","6158355","2025-05-31 18:00","2025","05","31","18:00","","13.5","","3.1","","49","","0.0","","","","","","","","98.80","","","","","","NA"
"-79.40","43.67","TORONTO CITY","6158355","2025-05-31 19:00","2025","05","31","19:00","","13.4","","2.7","","48","","0.0","","","","","","","","98.87","","","","","","NA"
"-79.40","43.67","TORONTO CITY","6158355","2025-05-31 20:00","2025","05","31","20:00","","12.6","","2.9","","52","","0.0","","","","","","","","98.92","","","","","","NA"
"-79.40","43.67","TORONTO CITY","6158355","2025-05-31 21:00","2025","05","31","21:00","","11.9","","3.2","","55","","0.0","","","","","","","","98.97","","","","","","NA"
"-79.40","43.67","TORONTO CITY","6158355","2025-05-31 22:00","2025","05","31","22:00","","11.3","","3.2","","58","","0.0","","","","","","","","99.01","","","","","","NA"
"-79.40","43.67","TORONTO CITY","6158355","2025-05-31 23:00","2025","05","31","23:00","","10.1","","3.0","","61","","0.0","","","","","","","","99.02","","","","","","NA"
