"Longitude (x)","Latitude (y)","Station Name","Climate ID","Date/Time (LST)","Year","Month","Day","Time (LST)","Flag","Temp (°C)","Temp Flag","Dew Point Temp (°C)","Dew Point Temp Flag","Rel Hum (%)","Rel Hum Flag","Precip. Amount (mm)","Precip. Amount Flag","Wind Dir (10s deg)","Wind Dir Flag","Wind Spd (km/h)","Wind Spd Flag","Visibility (km)","Visibility Flag","Stn Press (kPa)","Stn Press Flag","Hmdx","Hmdx Flag","Wind Chill","Wind Chill Flag","Weather"
"-79.40","43.67","TORONTO CITY","6158355","2024-05-01 00:00","2024","05","01","00:00","","9.1","","8.0","","93","","0.0","","","","","","","","99.96","","","","","","NA"
"-79.40","43.67","TORONTO CITY","6158355","2024-05-01 01:00","2024","05","01","01:00","","9.1","","8.1","","93","","0.0","","","","","","","","99.95","","","","","","NA"
"-79.40","43.67","TORONTO CITY","6158355","2024-05-01 02:00","2024","05","01","02:00","","9.2","","8.0","","93","","0.0","","","","","","","","99.97","","","","","","NA"
"-79.40","43.67","TORONTO CITY","6158355","2024-05-01 03:00","2024","05","01","03:00","","9.4","","8.4","","93","","0.0","","","","","","","","100.00","","","","","","NA"
"-79.40","43.67","TORONTO CITY","6158355","2024-05-01 04:00","2024","05","01","04:00","","8.7","","7.7","","93","","0.0","","","","","","","","99.97","","","","","","NA"
"-79.40","43.67","TORONTO CITY","6158355","2024-05-01 05:00","2024","05","01","05:00","","8.9","","8.0","","94","","0.0","","","","","","","","100.02","","","","","","NA"
"-79.40","43.67","TORONTO CITY","6158355","2024-05-01 06:00","2024","05","01","06:00","","8.5","","7.7","","95","","0.0","","","","","","","","100.09","","","","","","NA"
"-79.40","43.67","TORONTO CITY","6158355","2024-05-01 07:00","2024","05","01","07:00","","8.6","","7.8","","95","","0.0","","","","","","","","100.10","","","","","","NA"
"-79.40","43.67","TORONTO CITY","6158355","2024-05-01 08:00","2024","05","01","08:00","","10.0","","8.2","","89","","0.0","","","","","","","","100.12","","","","","","NA"
"-79.40","43.67","TORONTO CITY","6158355","2024-05-01 09:00","2024","05","01","09:00","","11.6","","8.2","","79","","0.0","","","","","","","","100.14","","","","","","NA"
"-79.40","43.67","TORONTO CITY","6158355","2024-05-01 10:00","2024","05","01","10:00","","12.2","","8.8","","80","","0.0","","","","","","","","100.08","","","","","","NA"
"-79.40","43.67","TORONTO CITY","6158355","2024-05-01 11:00","2024","05","01","11:00","","10.5","","7.1","","80","","0.0","","","","","","","","100.03","","","","","","NA"
"-79.40","43.67","TORONTO CITY","6158355","2024-05-01 12:00","2024","05","01","12:00","","11.8","","7.4","","74","","0.0","","","","","","","","99.95","","","","","","NA"
"-79.40","43.67","TORONTO CITY","6158355","2024-05-01 13:00","2024","05","01","13:00","","15.1","","9.1","","67","","0.0","","","","","","","","99.88","","","","","","NA"
"-79.40","43.67","TORONTO CITY","6158355","2024-05-01 14:00","2024","05","01","14:00","","16.5","","10.7","","69","","0.0","","","","","","","","99.79","","","","","","NA"
"-79.40","43.67","TORONTO CITY","6158355","2024-05-01 15:00","2024","05","01","15:00","","15.1","","9.2","","68","","0.0","","","","","","","","99.73","","","","","","NA"
"-79.40","43.67","TORONTO CITY","6158355","2024-05-01 16:00","2024","05","01","16:00","","13.7","","8.6","","71","","0.0","","","","","","","","99.69","","","","","","NA"
"-79.40","43.67","TORONTO CITY","6158355","2024-05-01 17:00","2024","05","01","17:00","","13.5","","8.3","","71","","0.0","","","","","","","","99.64","","","","","","NA"
"-79.40","43.67","TORONTO CITY","6158355","2024-05-01 18:00","2024","05","01","18:00","","13.6","","8.0","","69","","0.0","","","","","","","","99.60","","","","","","NA"
"-79.40","43.67","TORONTO CITY","6158355","2024-05-01 19:00","2024","05","01","19:00","","13.0","","7.8","","71","","0.0","","","","","","","","99.58","","","","","","NA"
"-79.40","43.67","TORONTO CITY","6158355","2024-05-01 20:00","2024","05","01","20:00","","12.4","","7.9","","74","","0.0","","","","","","","","99.63","","","","","","NA"
"-79.40","43.67","TORONTO CITY","6158355","2024-05-01 21:00","2024","05","01","21:00","","11.9","","7.9","","76","","0.0","","","","","","","","99.72","","","","","","NA"
"-79.40","43.67","TORONTO CITY","6158355","2024-05-01 22:00","2024","05","01","22:00","","12.2","","8.2","","77","","0.0","","","","","","","","99.76","","","","","","NA"
"-79.40","43.67","TORONTO CITY","6158355","2024-05-01 23:00","2024","05","01","23:00","","14.4","","8.2","","66","","0.0","","","","","","","","99.78","","","","","","NA"
"-79.40","43.67","TORONTO CITY","6158355","2024-05-02 00:00","2024","05","02","00:00","","13.9","","8.5","","70","","0.0","","","","","","","","99.83","","","","","","NA"
"-79.40","43.67","TORONTO CITY","6158355","2024-05-02 01:00","2024","05","02","01:00","","13.3","","8.3","","72","","0.0","","","","","","","","99.86","","","","","","NA"
"-79.40","43.67","TORONTO CITY","6158355","2024-05-02 02:00","2024","05","02","02:00","","11.8","","8.0","","77","","0.0","","","","","","","","99.89","","","","","","NA"
"-79.40","43.67","TORONTO CITY","6158355","2024-05-02 03:00","2024","05","02","03:00","","11.6","","7.6","","76","","0.0","","","","","","","","99.94","","","","","","NA"
"-79.40","43.67","TORONTO CITY","6158355","2024-05-02 04:00","2024","05","02","04:00","","11.8","","6.8","","71","","0.0","","","","","","","","100.00","","","","","","NA"
"-79.40","43.67","TORONTO CITY","6158355","2024-05-02 05:00","2024","05","02","05:00","","11.9","","6.3","","69","","0.0","","","","","","","","100.09","","","","","","NA"
"-79.40","43.67","TORONTO CITY","6158355","2024-05-02 06:00","2024","05","02","06:00","","11.1","","5.9","","71","","0.0","","","","","","","","100.22","","","","","","NA"
"-79.40","43.67","TORONTO CITY","6158355","2024-05-02 07:00","2024","05","02","07:00","","11.5","","5.6","","67","","0.0","","","","","","","","100.30","","","","","","NA"
"-79.40","43.67","TORONTO CITY","6158355","2024-05-02 08:00","2024","05","02","08:00","","12.6","","5.7","","63","","0.0","","","","","","","","100.36","","","","","","NA"
"-79.40","43.67","TORONTO CITY","6158355","2024-05-02 09:00","2024","05","02","09:00","","14.3","","6.6","","60","","0.0","","","","","","","","100.39","","","","","","NA"
"-79.40","43.67","TORONTO CITY","6158355","2024-05-02 10:00","2024","05","02","10:00","","15.5","","6.5","","55","","0.0","","","","","","","","100.48","","","","","","NA"
"-79.40","43.67","TORONTO CITY","6158355","2024-05-02 11:00","2024","05","02","11:00","","15.7","","6.0","","52","","0.0","","","","","","","","100.50","","","","","","NA"
"-79.40","43.67","TORONTO CITY","6158355","2024-05-02 12:00","2024","05","02","12:00","","16.9","","6.3","","50","","0.0","","","","","","","","100.43","","","","","","NA"
"-79.40","43.67","TORONTO CITY","6158355","2024-05-02 13:00","2024","05","02","13:00","","18.7","","6.0","","43","","0.0","","","","","","","","100.36","","","","","","NA"
"-79.40","43.67","TORONTO CITY","6158355","2024-05-02 14:00","2024","05","02","14:00","","19.7","","7.2","","44","","0.0","","","","","","","","100.32","","","","","","NA"
"-79.40","43.67","TORONTO CITY","6158355","2024-05-02 15:00","2024","05","02","15:00","","18.5","","7.7","","49","","0.0","","","","","","","","100.33","","","","","","NA"
"-79.40","43.67","TORONTO CITY","6158355","2024-05-02 16:00","2024","05","02","16:00","","18.8","","7.1","","47","","0.0","","","","","","","","100.30","","","","","","NA"
"-79.40","43.67","TORONTO CITY","6158355","2024-05-02 17:00","2024","05","02","17:00","","18.4","","7.9","","50","","0.0","","","","","","","","100.31","","","","","","NA"
"-79.40","43.67","TORONTO CITY","6158355","2024-05-02 18:00","2024","05","02","18:00","","17.3","","6.8","","50","","0.0","","","","","","","","100.33","","","","","","NA"
"-79.40","43.67","TORONTO CITY","6158355","2024-05-02 19:00","2024","05","02","19:00","","16.8","","6.4","","51","","0.0","","","","","","","","100.36","","","","","","NA"
"-79.40","43.67","TORONTO CITY","6158355","2024-05-02 20:00","2024","05","02","20:00","","15.9","","6.4","","53","","0.0","","","","","","","","100.36","","","","","","NA"
"-79.40","43.67","TORONTO CITY","6158355","2024-05-02 21:00","2024","05","02","21:00","","15.4","","6.8","","56","","0.0","","","","","","","","100.42","","","","","","NA"
"-79.40","43.67","TORONTO CITY","6158355","2024-05-02 22:00","2024","05","02","22:00","","15.6","","6.3","","54","","0.0","","","","","","","","100.37","","","","","","NA"
"-79.40","43.67","TORONTO CITY","6158355","2024-05-02 23:00","2024","05","02","23:00","","14.8","","6.4","","57","","0.0","","","","","","","","100.34","","","","","","NA"
"-79.40","43.67","TORONTO CITY","6158355","2024-05-03 00:00","2024","05","03","00:00","","14.8","","6.4","","57","","0.0","","","","","","","","100.32","","","","","","NA"
"-79.40","43.67","TORONTO CITY","6158355","2024-05-03 01:00","2024","05","03","01:00","","14.0","","6.3","","60","","0.0","","","","","","","","100.32","","","","","","NA"
"-79.40","43.67","TORONTO CITY","6158355","2024-05-03 02:00","2024","05","03","02:00","","13.2","","6.2","","62","","0.0","","","","","","","","100.31","","","","","","NA"
"-79.40","43.67","TORONTO CITY","6158355","2024-05-03 03:00","2024","05","03","03:00","","12.6","","6.3","","65","","0.0","","","","","","","","100.28","","","","","","NA"
"-79.40","43.67","TORONTO CITY","6158355","2024-05-03 04:00","2024","05","03","04:00","","12.4","","6.6","","67","","0.0","","","","","","","","100.30","","","","","","NA"
"-79.40","43.67","TORONTO CITY","6158355","2024-05-03 05:00","2024","05","03","05:00","","11.8","","6.6","","70","","0.0","","","","","","","","100.34","","","","","","NA"
"-79.40","43.67","TORONTO CITY","6158355","2024-05-03 06:00","2024","05","03","06:00","","12.0","","6.6","","69","","0.0","","","","","","","","100.36","","","","","","NA"
"-79.40","43.67","TORONTO CITY","6158355","2024-05-03 07:00","2024","05","03","07:00","","13.7","","7.1","","64","","0.0","","","","","","","","100.44","","","","","","NA"
"-79.40","43.67","TORONTO CITY","6158355","2024-05-03 08:00","2024","05","03","08:00","","14.6","","7.1","","61","","0.0","","","","","","","","100.47","","","","","","NA"
"-79.40","43.67","TORONTO CITY","6158355","2024-05-03 09:00","2024","05","03","09:00","","15.4","","7.2","","58","","0.0","","","","","","","","100.46","","","","","","NA"
"-79.40","43.67","TORONTO CITY","6158355","2024-05-03 10:00","2024","05","03","10:00","","15.0","","7.3","","60","","0.0","","","","","","","","100.38","","","","","","NA"
"-79.40","43.67","TORONTO CITY","6158355","2024-05-03 11:00","2024","05","03","11:00","","14.2","","7.3","","63","","0.0","","","","","","","","100.43","","","","","","NA"
"-79.40","43.67","TORONTO CITY","6158355","2024-05-03 12:00","2024","05","03","12:00","","13.9","","7.7","","66","","0.0","","","","","","","","100.37","","","","","","NA"
"-79.40","43.67","TORONTO CITY","6158355","2024-05-03 13:00","2024","05","03","13:00","","14.5","","8.9","","69","","0.0","","","","","","","","100.54","","","","","","NA"
"-79.40","43.67","TORONTO CITY","6158355","2024-05-03 14:00","2024","05","03","14:00","","13.6","","9.7","","77","","0.9","","","","","","","","100.46","","","","","","NA"
"-79.40","43.67","TORONTO CITY","6158355","2024-05-03 15:00","2024","05","03","15:00","","14.5","","10.3","","76","","0.5","","","","","","","","100.33","","","","","","NA"
"-79.40","43.67","TORONTO CITY","6158355","2024-05-03 16:00","2024","05","03","16:00","","15.1","","10.4","","74","","0.0","","","","","","","","100.39","","","","","","NA"
"-79.40","43.67","TORONTO CITY","6158355","2024-05-03 17:00","2024","05","03","17:00","","15.6","","10.0","","69","","0.2","","","","","","","","100.39","","","","","","NA"
"-79.40","43.67","TORONTO CITY","6158355","2024-05-03 18:00","2024","05","03","18:00","","14.7","","10.0","","73","","0.4","","","","","","","","100.41","","","","","","NA"
"-79.40","43.67","TORONTO CITY","6158355","2024-05-03 19:00","2024","05","03","19:00","","14.3","","9.7","","74","","0.3","","","","","","","","100.36","","","","","","NA"
"-79.40","43.67","TORONTO CITY","6158355","2024-05-03 20:00","2024","05","03","20:00","","14.7","","10.4","","75","","0.0","","","","","","","","100.45","","","","","","NA"
"-79.40","43.67","TORONTO CITY","6158355","2024-05-03 21:00","2024","05","03","21:00","","14.7","","10.6","","76","","0.0","","","","","","","","100.49","","","","","","NA"
"-79.40","43.67","TORONTO CITY","6158355","2024-05-03 22:00","2024","05","03","22:00","","15.3","","10.5","","73","","0.0","","","","","","","","100.49","","","","","","NA"
"-79.40","43.67","TORONTO CITY","6158355","2024-05-03 23:00","2024","05","03","23:00","","15.1","","11.2","","77","","0.0","","","","","","","","100.50","","","","","","NA"
"-79.40","43.67","TORONTO CITY","6158355","2024-05-04 00:00","2024","05","04","00:00","","15.0","","11.5","","80","","0.0","","","","","","","","100.50","","","","","","NA"
"-79.40","43.67","TORONTO CITY","6158355","2024-05-04 01:00","2024","05","04","01:00","","15.1","","11.2","","77","","0.0","","","","","","","","100.51","","","","","","NA"
"-79.40","43.67","TORONTO CITY","6158355","2024-05-04 02:00","2024","05","04","02:00","","15.1","","11.0","","76","","0.0","","","","","","","","100.53","","","","","","NA"
"-79.40","43.67","TORONTO CITY","6158355","2024-05-04 03:00","2024","05","04","03:00","","14.8","","11.3","","79","","0.0","","","","","","","","100.54","","","","","","NA"
"-79.40","43.67","TORONTO CITY","6158355","2024-05-04 04:00","2024","05","04","04:00","","14.9","","11.0","","77","","0.0","","","","","","","","100.55","","","","","","NA"
"-79.40","43.67","TORONTO CITY","6158355","2024-05-04 05:00","2024","05","04","05:00","","14.5","","10.7","","78","","0.0","","","","","","","","100.59","","","","","","NA"
"-79.40","43.67","TORONTO CITY","6158355","2024-05-04 06:00","2024","05","04","06:00","","14.6","","10.7","","77","","0.0","","","","","","","","100.59","","","","","","NA"
"-79.40","43.67","TORONTO CITY","6158355","2024-05-04 07:00","2024","05","04","07:00","","16.1","","11.4","","74","","0.0","","","","","","","","100.64","","","","","","NA"
"-79.40","43.67","TORONTO CITY","6158355","2024-05-04 08:00","2024","05","04","08:00","","17.0","","11.7","","71","","0.0","","","","","","","","100.67","","","","","","NA"
"-79.40","43.67","TORONTO CITY","6158355","2024-05-04 09:00","2024","05","04","09:00","","17.7","","11.2","","66","","0.0","","","","","","","","100.63","","","","","","NA"
"-79.40","43.67","TORONTO CITY","6158355","2024-05-04 10:00","2024","05","04","10:00","","19.1","","12.3","","65","","0.0","","","","","","","","100.58","","","","","","NA"
"-79.40","43.67","TORONTO CITY","6158355","2024-05-04 11:00","2024","05","04","11:00","","18.7","","10.8","","60","","0.0","","","","","","","","100.58","","","","","","NA"
"-79.40","43.67","TORONTO CITY","6158355","2024-05-04 12:00","2024","05","04","12:00","","17.0","","9.8","","62","","0.0","","","","","","","","100.57","","","","","","NA"
"-79.40","43.67","TORONTO CITY","6158355","2024-05-04 13:00","2024","05","04","13:00","","17.2","","10.8","","66","","0.0","","","","","","","","100.52","","","","","","NA"
"-79.40","43.67","TORONTO CITY","6158355","2024-05-04 14:00","2024","05","04","14:00","","17.5","","10.6","","64","","0.0","","","","","","","","100.53","","","","","","NA"
"-79.40","43.67","TORONTO CITY","6158355","2024-05-04 15:00","2024","05","04","15:00","","16.8","","10.6","","67","","0.0","","","","","","","","100.45","","","","","","NA"
"-79.40","43.67","TORONTO CITY","6158355","2024-05-04 16:00","2024","05","04","16:00","","17.3","","10.8","","65","","0.0","","","","","","","","100.36","","","","","","NA"
"-79.40","43.67","TORONTO CITY","6158355","2024-05-04 17:00","2024","05","04","17:00","","16.1","","10.6","","70","","0.0","","","","","","","","100.31","","","","","","NA"
"-79.40","43.67","TORONTO CITY","6158355","2024-05-04 18:00","2024","05","04","18:00","","16.6","","10.4","","67","","0.0","","","","","","","","100.29","","","","","","NA"
"-79.40","43.67","TORONTO CITY","6158355","2024-05-04 19:00","2024","05","04","19:00","","16.8","","10.2","","65","","0.0","","","","","","","","100.28","","","","","","NA"
"-79.40","43.67","TORONTO CITY","6158355","2024-05-04 20:00","2024","05","04","20:00","","15.7","","9.1","","65","","0.0","","","","","","","","100.25","","","","","","NA"
"-79.40","43.67","TORONTO CITY","6158355","2024-05-04 21:00","2024","05","04","21:00","","14.8","","9.1","","69","","0.0","","","","","","","","100.28","","","","","","NA"
"-79.40","43.67","TORONTO CITY","6158355","2024-05-04 22:00","2024","05","04","22:00","","14.6","","9.8","","73","","0.0","","","","","","","","100.28","","","","","","NA"
"-79.40","43.67","TORONTO CITY","6158355","2024-05-04 23:00","2024","05","04","23:00","","14.2","","9.6","","74","","0.0","","","","","","","","100.29","","","","","","NA"
"-79.40","43.67","TORONTO CITY","6158355","2024-05-05 00:00","2024","05","05","00:00","","14.4","","9.4","","72","","0.0","","","","","","","","100.22","","","","","","NA"
"-79.40","43.67","TORONTO CITY","6158355","2024-05-05 01:00","2024","05","05","01:00","","13.6","","8.8","","73","","0.0","","","","","","","","100.17","","","","","","NA"
"-79.40","43.67","TORONTO CITY","6158355","2024-05-05 02:00","2024","05","05","02:00","","13.1","","8.7","","75","","0.0","","","","","","","","100.13","","","","","","NA"
"-79.40","43.67","TORONTO CITY","6158355","2024-05-05 03:00","2024","05","05","03:00","","11.5","","9.7","","89","","0.0","","","","","","","","100.12","","","","","","NA"
"-79.40","43.67","TORONTO CITY","6158355","2024-05-05 04:00","2024","05","05","04:00","","11.5","","10.4","","93","","0.4","","","","","","","","100.08","","","","","","NA"
"-79.40","43.67","TORONTO CITY","6158355","2024-05-05 05:00","2024","05","05","05:00","","10.9","","9.9","","94","","0.3","","","","","","","","100.07","","","","","","NA"
"-79.40","43.67","TORONTO CITY","6158355","2024-05-05 06:00","2024","05","05","06:00","","10.7","","9.8","","94","","1.7","","","","","","","","100.05","","","","","","NA"
"-79.40","43.67","TORONTO CITY","6158355","2024-05-05 07:00","2024","05","05","07:00","","10.7","","9.9","","94","","0.0","","","","","","","","100.07","","","","","","NA"
"-79.40","43.67","TORONTO CITY","6158355","2024-05-05 08:00","2024","05","05","08:00","","11.1","","10.2","","95","","0.3","","","","","","","","100.11","","","","","","NA"
"-79.40","43.67","TORONTO CITY","6158355","2024-05-05 09:00","2024","05","05","09:00","","11.7","","10.8","","94","","0.0","","","","","","","","100.12","","","","","","NA"
"-79.40","43.67","TORONTO CITY","6158355","2024-05-05 10:00","2024","05","05","10:00","","12.7","","11.3","","91","","0.0","","","","","","","","100.12","","","","","","NA"
"-79.40","43.67","TORONTO CITY","6158355","2024-05-05 11:00","2024","05","05","11:00","","13.8","","11.7","","87","","0.0","","","","","","","","100.13","","","","","","NA"
"-79.40","43.67","TORONTO CITY","6158355","2024-05-05 12:00","2024","05","05","12:00","","14.9","","12.3","","84","","0.0","","","","","","","","100.13","","","","","","NA"
"-79.40","43.67","TORONTO CITY","6158355","2024-05-05 13:00","2024","05","05","13:00","","16.3","","12.5","","79","","0.0","","","","","","","","100.10","","","","","","NA"
"-79.40","43.67","TORONTO CITY","6158355","2024-05-05 14:00","2024","05","05","14:00","","17.3","","13.4","","78","","0.0","","","","","","","","100.08","","","","","","NA"
"-79.40","43.67","TORONTO CITY","6158355","2024-05-05 15:00","2024","05","05","15:00","","18.6","","14.1","","75","","0.0","","","","","","","","100.09","","","","","","NA"
"-79.40","43.67","TORONTO CITY","6158355","2024-05-05 16:00","2024","05","05","16:00","","18.4","","13.4","","72","","0.0","","","","","","","","100.09","","","","","","NA"
"-79.40","43.67","TORONTO CITY","6158355","2024-05-05 17:00","2024","05","05","17:00","","16.9","","13.7","","81","","0.0","","","","","","","","100.12","","","","","","NA"
"-79.40","43.67","TORONTO CITY","6158355","2024-05-05 18:00","2024","05","05","18:00","","16.5","","13.1","","80","","0.0","","","","","","","","100.16","","","","","","NA"
"-79.40","43.67","TORONTO CITY","6158355","2024-05-05 19:00","2024","05","05","19:00","","16.4","","13.0","","80","","0.0","","","","","","","","100.22","","","","","","NA"
"-79.40","43.67","TORONTO CITY","6158355","2024-05-05 20:00","2024","05","05","20:00","","15.3","","12.6","","84","","0.0","","","","","","","","100.23","","","","","","NA"
"-79.40","43.67","TORONTO CITY","6158355","2024-05-05 21:00","2024","05","05","21:00","","14.4","","12.4","","88","","0.0","","","","","","","","100.23","","","","","","NA"
"-79.40","43.67","TORONTO CITY","6158355","2024-05-05 22:00","2024","05","05","22:00","","14.0","","12.4","","90","","0.0","","","","","","","","100.27","","","","","","NA"
"-79.40","43.67","TORONTO CITY","6158355","2024-05-05 23:00","2024","05","05","23:00","","13.2","","11.6","","90","","0.0","","","","","","","","100.29","","","","","","NA"
"-79.40","43.67","TORONTO CITY","6158355","2024-05-06 00:00","2024","05","06","00:00","","14.0","","9.8","","76","","0.0","","","","","","","","100.31","","","","","","NA"
"-79.40","43.67","TORONTO CITY","6158355","2024-05-06 01:00","2024","05","06","01:00","","12.3","","7.6","","73","","0.0","","","","","","","","100.32","","","","","","NA"
"-79.40","43.67","TORONTO CITY","6158355","2024-05-06 02:00","2024","05","06","02:00","","11.7","","3.4","","56","","0.0","","","","","","","","100.35","","","","","","NA"
"-79.40","43.67","TORONTO CITY","6158355","2024-05-06 03:00","2024","05","06","03:00","","10.5","","3.8","","63","","0.0","","","","","","","","100.34","","","","","","NA"
"-79.40","43.67","TORONTO CITY","6158355","2024-05-06 04:00","2024","05","06","04:00","","9.8","","3.3","","64","","0.0","","","","","","","","100.36","","","","","","NA"
"-79.40","43.67","TORONTO CITY","6158355","2024-05-06 05:00","2024","05","06","05:00","","9.7","","1.7","","58","","0.0","","","","","","","","100.37","","","","","","NA"
"-79.40","43.67","TORONTO CITY","6158355","2024-05-06 06:00","2024","05","06","06:00","","10.2","","1.4","","54","","0.0","","","","","","","","100.40","","","","","","NA"
"-79.40","43.67","TORONTO CITY","6158355","2024-05-06 07:00","2024","05","06","07:00","","11.6","","1.7","","51","","0.0","","","","","","","","100.41","","","","","","NA"
"-79.40","43.67","TORONTO CITY","6158355","2024-05-06 08:00","2024","05","06","08:00","","13.5","","1.8","","45","","0.0","","","","","","","","100.44","","","","","","NA"
"-79.40","43.67","TORONTO CITY","6158355","2024-05-06 09:00","2024","05","06","09:00","","15.3","","2.9","","44","","0.0","","","","","","","","100.47","","","","","","NA"
"-79.40","43.67","TORONTO CITY","6158355","2024-05-06 10:00","2024","05","06","10:00","","16.8","","3.3","","40","","0.0","","","","","","","","100.44","","","","","","NA"
"-79.40","43.67","TORONTO CITY","6158355","2024-05-06 11:00","2024","05","06","11:00","","17.6","","5.1","","44","","0.0","","","","","","","","100.41","","","","","","NA"
"-79.40","43.67","TORONTO CITY","6158355","2024-05-06 12:00","2024","05","06","12:00","","18.4","","3.6","","37","","0.0","","","","","","","","100.35","","","","","","NA"
"-79.40","43.67","TORONTO CITY","6158355","2024-05-06 13:00","2024","05","06","13:00","","20.1","","4.6","","36","","0.0","","","","","","","","100.30","","","","","","NA"
"-79.40","43.67","TORONTO CITY","6158355","2024-05-06 14:00","2024","05","06","14:00","","18.6","","6.4","","45","","0.0","","","","","","","","100.27","","","","","","NA"
"-79.40","43.67","TORONTO CITY","6158355","2024-05-06 15:00","2024","05","06","15:00","","18.0","","2.6","","36","","0.0","","","","","","","","100.20","","","","","","NA"
"-79.40","43.67","TORONTO CITY","6158355","2024-05-06 16:00","2024","05","06","16:00","","18.2","","4.5","","40","","0.0","","","","","","","","100.14","","","","","","NA"
"-79.40","43.67","TORONTO CITY","6158355","2024-05-06 17:00","2024","05","06","17:00","","18.8","","0.9","","30","","0.0","","","","","","","","100.10","","","","","","NA"
"-79.40","43.67","TORONTO CITY","6158355","2024-05-06 18:00","2024","05","06","18:00","","18.4","","0.7","","30","","0.0","","","","","","","","100.04","","","","","","NA"
"-79.40","43.67","TORONTO CITY","6158355","2024-05-06 19:00","2024","05","06","19:00","","17.2","","0.8","","33","","0.0","","","","","","","","100.03","","","","","","NA"
"-79.40","43.67","TORONTO CITY","6158355","2024-05-06 20:00","2024","05","06","20:00","","16.0","","-0.6","","32","","0.0","","","","","","","","100.01","","","","","","NA"
"-79.40","43.67","TORONTO CITY","6158355","2024-05-06 21:00","2024","05","06","21:00","","14.5","","0.0","","37","","0.0","","","","","","","","100.02","","","","","","NA"
"-79.40","43.67","TORONTO CITY","6158355","2024-05-06 22:00","2024","05","06","22:00","","13.7","","0.3","","40","","0.0","","","","","","","","100.00","","","","","","NA"
"-79.40","43.67","TORONTO CITY","6158355","2024-05-06 23:00","2024","05","06","23:00","","12.7","","1.1","","45","","0.0","","","","","","","","100.00","","","","","","NA"
"-79.40","43.67","TORONTO CITY","6158355","2024-05-07 00:00","2024","05","07","00:00","","12.0","","1.6","","49","","0.0","","","","","","","","99.99","","","","","","NA"
"-79.40","43.67","TORONTO CITY","6158355","2024-05-07 01:00","2024","05","07","01:00","","11.7","","1.8","","51","","0.0","","","","","","","","99.97","","","","","","NA"
"-79.40","43.67","TORONTO CITY","6158355","2024-05-07 02:00","2024","05","07","02:00","","9.8","","2.3","","60","","0.0","","","","","","","","99.92","","","","","","NA"
"-79.40","43.67","TORONTO CITY","6158355","2024-05-07 03:00","2024","05","07","03:00","","9.5","","2.4","","61","","0.0","","","","","","","","99.88","","","","","","NA"
"-79.40","43.67","TORONTO CITY","6158355","2024-05-07 04:00","2024","05","07","04:00","","9.3","","2.9","","64","","0.0","","","","","","","","99.87","","","","","","NA"
"-79.40","43.67","TORONTO CITY","6158355","2024-05-07 05:00","2024","05","07","05:00","","9.8","","3.0","","62","","0.0","","","","","","","","99.83","","","","","","NA"
"-79.40","43.67","TORONTO CITY","6158355","2024-05-07 06:00","2024","05","07","06:00","","11.0","","3.1","","58","","0.0","","","","","","","","99.86","","","","","","NA"
"-79.40","43.67","TORONTO CITY","6158355","2024-05-07 07:00","2024","05","07","07:00","","13.2","","3.8","","53","","0.0","","","","","","","","99.88","","","","","","NA"
"-79.40","43.67","TORONTO CITY","6158355","2024-05-07 08:00","2024","05","07","08:00","","16.0","","4.2","","45","","0.0","","","","","","","","99.88","","","","","","NA"
"-79.40","43.67","TORONTO CITY","6158355","2024-05-07 09:00","2024","05","07","09:00","","15.8","","4.3","","46","","0.0","","","","","","","","99.88","","","","","","NA"
"-79.40","43.67","TORONTO CITY","6158355","2024-05-07 10:00","2024","05","07","10:00","","17.3","","6.0","","47","","0.0","","","","","","","","99.83","","","","","","NA"
"-79.40","43.67","TORONTO CITY","6158355","2024-05-07 11:00","2024","05","07","11:00","","18.3","","5.7","","43","","0.0","","","","","","","","99.79","","","","","","NA"
"-79.40","43.67","TORONTO CITY","6158355","2024-05-07 12:00","2024","05","07","12:00","","19.4","","5.5","","40","","0.0","","","","","","","","99.68","","","","","","NA"
"-79.40","43.67","TORONTO CITY","6158355","2024-05-07 13:00","2024","05","07","13:00","","19.0","","4.8","","39","","0.0","","","","","","","","99.59","","","","","","NA"
"-79.40","43.67","TORONTO CITY","6158355","2024-05-07 14:00","2024","05","07","14:00","","19.1","","3.9","","36","","0.0","","","","","","","","99.48","","","","","","NA"
"-79.40","43.67","TORONTO CITY","6158355","2024-05-07 15:00","2024","05","07","15:00","","19.1","","2.5","","33","","0.0","","","","","","","","99.41","","","","","","NA"
"-79.40","43.67","TORONTO CITY","6158355","2024-05-07 16:00","2024","05","07","16:00","","18.8","","3.5","","36","","0.0","","","","","","","","99.40","","","","","","NA"
"-79.40","43.67","TORONTO CITY","6158355","2024-05-07 17:00","2024","05","07","17:00","","19.0","","1.9","","32","","0.0","","","","","","","","99.30","","","","","","NA"
"-79.40","43.67","TORONTO CITY","6158355","2024-05-07 18:00","2024","05","07","18:00","","17.6","","1.3","","33","","0.0","","","","","","","","99.23","","","","","","NA"
"-79.40","43.67","TORONTO CITY","6158355","2024-05-07 19:00","2024","05","07","19:00","","16.4","","2.0","","38","","0.0","","","","","","","","99.14","","","","","","NA"
"-79.40","43.67","TORONTO CITY","6158355","2024-05-07 20:00","2024","05","07","20:00","","15.8","","2.1","","40","","0.0","","","","","","","","99.16","","","","","","NA"
"-79.40","43.67","TORONTO CITY","6158355","2024-05-07 21:00","2024","05","07","21:00","","15.6","","2.3","","41","","0.0","","","","","","","","99.16","","","","","","NA"
"-79.40","43.67","TORONTO CITY","6158355","2024-05-07 22:00","2024","05","07","22:00","","15.9","","3.4","","43","","0.0","","","","","","","","99.04","","","","","","NA"
"-79.40","43.67","TORONTO CITY","6158355","2024-05-07 23:00","2024","05","07","23:00","","12.9","","7.9","","72","","0.9","","","","","","","","98.97","","","","","","NA"
"-79.40","43.67","TORONTO CITY","6158355","2024-05-08 00:00","2024","05","08","00:00","","12.0","","9.2","","83","","4.7","","","","","","","","99.04","","","","","","NA"
"-79.40","43.67","TORONTO CITY","6158355","2024-05-08 01:00","2024","05","08","01:00","","12.0","","8.7","","80","","1.3","","","","","","","","98.81","","","","","","NA"
"-79.40","43.67","TORONTO CITY","6158355","2024-05-08 02:00","2024","05","08","02:00","","13.1","","7.4","","68","","0.0","","","","","","","","98.71","","","","","","NA"
"-79.40","43.67","TORONTO CITY","6158355","2024-05-08 03:00","2024","05","08","03:00","","12.8","","7.9","","72","","0.0","","","","","","","","98.67","","","","","","NA"
"-79.40","43.67","TORONTO CITY","6158355","2024-05-08 04:00","2024","05","08","04:00","","12.0","","8.2","","78","","0.7","","","","","","","","98.58","","","","","","NA"
"-79.40","43.67","TORONTO CITY","6158355","2024-05-08 05:00","2024","05","08","05:00","","11.6","","6.8","","72","","0.0","","","","","","","","98.66","","","","","","NA"
"-79.40","43.67","TORONTO CITY","6158355","2024-05-08 06:00","2024","05","08","06:00","","11.7","","7.3","","75","","0.0","","","","","","","","98.63","","","","","","NA"
"-79.40","43.67","TORONTO CITY","6158355","2024-05-08 07:00","2024","05","08","07:00","","12.9","","8.4","","74","","0.0","","","","","","","","98.64","","","","","","NA"
"-79.40","43.67","TORONTO CITY","6158355","2024-05-08 08:00","2024","05","08","08:00","","13.4","","7.8","","69","","0.0","","","","","","","","98.66","","","","","","NA"
"-79.40","43.67","TORONTO CITY","6158355","2024-05-08 09:00","2024","05","08","09:00","","16.5","","10.9","","69","","0.0","","","","","","","","98.67","","","","","","NA"
"-79.40","43.67","TORONTO CITY","6158355","2024-05-08 10:00","2024","05","08","10:00","","20.3","","10.4","","53","","0.0","","","","","","","","98.66","","","","","","NA"
"-79.40","43.67","TORONTO CITY","6158355","2024-05-08 11:00","2024","05","08","11:00","","20.7","","9.8","","50","","0.0","","","","","","","","98.68","","","","","","NA"
"-79.40","43.67","TORONTO CITY","6158355","2024-05-08 12:00","2024","05","08","12:00","","20.3","","9.6","","50","","0.0","","","","","","","","98.67","","","","","","NA"
"-79.40","43.67","TORONTO CITY","6158355","2024-05-08 13:00","2024","05","08","13:00","","19.8","","9.4","","51","","0.0","","","","","","","","98.70","","","","","","NA"
"-79.40","43.67","TORONTO CITY","6158355","2024-05-08 14:00","2024","05","08","14:00","","19.4","","11.1","","59","","0.6","","","","","","","","98.81","","","","","","NA"
"-79.40","43.67","TORONTO CITY","6158355","2024-05-08 15:00","2024","05","08","15:00","","19.2","","9.7","","54","","0.0","","","","","","","","98.87","","","","","","NA"
"-79.40","43.67","TORONTO CITY","6158355","2024-05-08 16:00","2024","05","08","16:00","","19.0","","9.3","","53","","0.0","","","","","","","","98.98","","","","","","NA"
"-79.40","43.67","TORONTO CITY","6158355","2024-05-08 17:00","2024","05","08","17:00","","17.2","","8.3","","56","","0.0","","","","","","","","99.13","","","","","","NA"
"-79.40","43.67","TORONTO CITY","6158355","2024-05-08 18:00","2024","05","08","18:00","","15.6","","8.0","","61","","0.0","","","","","","","","99.23","","","","","","NA"
"-79.40","43.67","TORONTO CITY","6158355","2024-05-08 19:00","2024","05","08","19:00","","14.9","","8.3","","65","","0.0","","","","","","","","99.33","","","","","","NA"
"-79.40","43.67","TORONTO CITY","6158355","2024-05-08 20:00","2024","05","08","20:00","","12.8","","8.3","","74","","0.0","","","","","","","","99.42","","","","","","NA"
"-79.40","43.67","TORONTO CITY","6158355","2024-05-08 21:00","2024","05","08","21:00","","12.2","","8.1","","76","","0.0","","","","","","","","99.52","","","","","","NA"
"-79.40","43.67","TORONTO CITY","6158355","2024-05-08 22:00","2024","05","08","22:00","","12.2","","7.7","","74","","0.0","","","","","","","","99.60","","","","","","NA"
"-79.40","43.67","TORONTO CITY","6158355","2024-05-08 23:00","2024","05","08","23:00","","11.6","","7.7","","76","","0.0","","","","","","","","99.65","","","","","","NA"
"-79.40","43.67","TORONTO CITY","6158355","2024-05-09 00:00","2024","05","09","00:00","","10.9","","7.7","","81","","0.0","","","","","","","","99.69","","","","","","NA"
"-79.40","43.67","TORONTO CITY","6158355","2024-05-09 01:00","2024","05","09","01:00","","10.9","","7.9","","81","","0.0","","","","","","","","99.69","","","","","","NA"
"-79.40","43.67","TORONTO CITY","6158355","2024-05-09 02:00","2024","05","09","02:00","","10.2","","7.8","","85","","0.0","","","","","","","","99.65","","","","","","NA"
"-79.40","43.67","TORONTO CITY","6158355","2024-05-09 03:00","2024","05","09","03:00","","10.4","","7.6","","83","","0.0","","","","","","","","99.60","","","","","","NA"
"-79.40","43.67","TORONTO CITY","6158355","2024-05-09 04:00","2024","05","09","04:00","","10.2","","7.3","","82","","0.0","","","","","","","","99.66","","","","","","NA"
"-79.40","43.67","TORONTO CITY","6158355","2024-05-09 05:00","2024","05","09","05:00","","9.8","","6.6","","80","","0.0","","","","","","","","99.67","","","","","","NA"
"-79.40","43.67","TORONTO CITY","6158355","2024-05-09 06:00","2024","05","09","06:00","","9.9","","7.0","","82","","0.0","","","","","","","","99.69","","","","","","NA"
"-79.40","43.67","TORONTO CITY","6158355","2024-05-09 07:00","2024","05","09","07:00","","11.7","","7.6","","76","","0.0","","","","","","","","99.75","","","","","","NA"
"-79.40","43.67","TORONTO CITY","6158355","2024-05-09 08:00","2024","05","09","08:00","","13.4","","6.5","","63","","0.0","","","","","","","","99.77","","","","","","NA"
"-79.40","43.67","TORONTO CITY","6158355","2024-05-09 09:00","2024","05","09","09:00","","14.7","","7.2","","61","","0.0","","","","","","","","99.72","","","","","","NA"
"-79.40","43.67","TORONTO CITY","6158355","2024-05-09 10:00","2024","05","09","10:00","","14.5","","7.4","","63","","0.0","","","","","","","","99.73","","","","","","NA"
"-79.40","43.67","TORONTO CITY","6158355","2024-05-09 11:00","2024","05","09","11:00","","15.0","","7.0","","59","","0.0","","","","","","","","99.72","","","","","","NA"
"-79.40","43.67","TORONTO CITY","6158355","2024-05-09 12:00","2024","05","09","12:00","","15.9","","6.5","","53","","0.0","","","","","","","","99.67","","","","","","NA"
"-79.40","43.67","TORONTO CITY","6158355","2024-05-09 13:00","2024","05","09","13:00","","14.9","","5.3","","53","","0.0","","","","","","","","99.67","","","","","","NA"
"-79.40","43.67","TORONTO CITY","6158355","2024-05-09 14:00","2024","05","09","14:00","","14.0","","4.4","","52","","0.0","","","","","","","","99.64","","","","","","NA"
"-79.40","43.67","TORONTO CITY","6158355","2024-05-09 15:00","2024","05","09","15:00","","14.8","","5.1","","52","","0.0","","","","","","","","99.58","","","","","","NA"
"-79.40","43.67","TORONTO CITY","6158355","2024-05-09 16:00","2024","05","09","16:00","","14.5","","2.8","","45","","0.0","","","","","","","","99.55","","","","","","NA"
"-79.40","43.67","TORONTO CITY","6158355","2024-05-09 17:00","2024","05","09","17:00","","14.1","","1.9","","43","","0.0","","","","","","","","99.55","","","","","","NA"
"-79.40","43.67","TORONTO CITY","6158355","2024-05-09 18:00","2024","05","09","18:00","","14.2","","1.1","","41","","0.0","","","","","","","","99.56","","","","","","NA"
"-79.40","43.67","TORONTO CITY","6158355","2024-05-09 19:00","2024","05","09","19:00","","14.1","","-0.2","","38","","0.0","","","","","","","","99.56","","","","","","NA"
"-79.40","43.67","TORONTO CITY","6158355","2024-05-09 20:00","2024","05","09","20:00","","13.9","","1.0","","41","","0.0","","","","","","","","99.57","","","","","","NA"
"-79.40","43.67","TORONTO CITY","6158355","2024-05-09 21:00","2024","05","09","21:00","","14.1","","0.6","","40","","0.0","","","","","","","","99.62","","","","","","NA"
"-79.40","43.67","TORONTO CITY","6158355","2024-05-09 22:00","2024","05","09","22:00","","14.0","","0.1","","39","","0.0","","","","","","","","99.62","","","","","","NA"
"-79.40","43.67","TORONTO CITY","6158355","2024-05-09 23:00","2024","05","09","23:00","","13.9","","1.6","","43","","0.0","","","","","","","","99.56","","","","","","NA"
"-79.40","43.67","TORONTO CITY","6158355","2024-05-10 00:00","2024","05","10","00:00","","13.6","","2.5","","47","","0.0","","","","","","","","99.59","","","","","","NA"
"-79.40","43.67","TORONTO CITY","6158355","2024-05-10 01:00","2024","05","10","01:00","","13.1","","5.3","","59","","0.0","","","","","","","","99.56","","","","","","NA"
"-79.40","43.67","TORONTO CITY","6158355","2024-05-10 02:00","2024","05","10","02:00","","13.0","","5.1","","59","","0.0","","","","","","","","99.54","","","","","","NA"
"-79.40","43.67","TORONTO CITY","6158355","2024-05-10 03:00","2024","05","10","03:00","","12.7","","4.8","","58","","0.0","","","","","","","","99.53","","","","","","NA"
"-79.40","43.67","TORONTO CITY","6158355","2024-05-10 04:00","2024","05","10","04:00","","12.2","","4.3","","58","","0.0","","","","","","","","99.49","","","","","","NA"
"-79.40","43.67","TORONTO CITY","6158355","2024-05-10 05:00","2024","05","10","05:00","","12.2","","4.0","","57","","0.0","","","","","","","","99.50","","","","","","NA"
"-79.40","43.67","TORONTO CITY","6158355","2024-05-10 06:00","2024","05","10","06:00","","12.5","","3.9","","56","","0.0","","","","","","","","99.52","","","","","","NA"
"-79.40","43.67","TORONTO CITY","6158355","2024-05-10 07:00","2024","05","10","07:00","","12.7","","4.6","","58","","0.0","","","","","","","","99.58","","","","","","NA"
"-79.40","43.67","TORONTO CITY","6158355","2024-05-10 08:00","2024","05","10","08:00","","13.6","","4.6","","54","","0.0","","","","","","","","99.57","","","","","","NA"
"-79.40","43.67","TORONTO CITY","6158355","2024-05-10 09:00","2024","05","10","09:00","","13.8","","4.8","","54","","0.0","","","","","","","","99.60","","","","","","NA"
"-79.40","43.67","TORONTO CITY","6158355","2024-05-10 10:00","2024","05","10","10:00","","14.5","","5.7","","55","","0.0","","","","","","","","99.63","","","","","","NA"
"-79.40","43.67","TORONTO CITY","6158355","2024-05-10 11:00","2024","05","10","11:00","","15.2","","5.3","","52","","0.0","","","","","","","","99.64","","","","","","NA"
"-79.40","43.67","TORONTO CITY","6158355","2024-05-10 12:00","2024","05","10","12:00","","15.0","","5.4","","53","","0.0","","","","","","","","99.64","","","","","","NA"
"-79.40","43.67","TORONTO CITY","6158355","2024-05-10 13:00","2024","05","10","13:00","","13.7","","5.9","","59","","0.0","","","","","","","","99.64","","","","","","NA"
"-79.40","43.67","TORONTO CITY","6158355","2024-05-10 14:00","2024","05","10","14:00","","13.6","","6.3","","61","","0.0","","","","","","","","99.60","","","","","","NA"
"-79.40","43.67","TORONTO CITY","6158355","2024-05-10 15:00","2024","05","10","15:00","","15.2","","5.0","","50","","0.0","","","","","","","","99.57","","","","","","NA"
"-79.40","43.67","TORONTO CITY","6158355","2024-05-10 16:00","2024","05","10","16:00","","15.6","","1.1","","37","","0.0","","","","","","","","99.57","","","","","","NA"
"-79.40","43.67","TORONTO CITY","6158355","2024-05-10 17:00","2024","05","10","17:00","","14.9","","2.3","","43","","0.0","","","","","","","","99.57","","","","","","NA"
"-79.40","43.67","TORONTO CITY","6158355","2024-05-10 18:00","2024","05","10","18:00","","14.5","","0.8","","39","","0.0","","","","","","","","99.57","","","","","","NA"
"-79.40","43.67","TORONTO CITY","6158355","2024-05-10 19:00","2024","05","10","19:00","","14.2","","-0.1","","37","","0.0","","","","","","","","99.59","","","","","","NA"
"-79.40","43.67","TORONTO CITY","6158355","2024-05-10 20:00","2024","05","10","20:00","","13.8","","0.1","","39","","0.0","","","","","","","","99.60","","","","","","NA"
"-79.40","43.67","TORONTO CITY","6158355","2024-05-10 21:00","2024","05","10","21:00","","14.3","","-3.2","","29","","0.0","","","","","","","","99.60","","","","","","NA"
"-79.40","43.67","TORONTO CITY","6158355","2024-05-10 22:00","2024","05","10","22:00","","14.2","","-1.9","","33","","0.0","","","","","","","","99.60","","","","","","NA"
"-79.40","43.67","TORONTO CITY","6158355","2024-05-10 23:00","2024","05","10","23:00","","13.6","","-0.5","","38","","0.0","","","","","","","","99.56","","","","","","NA"
"-79.40","43.67","TORONTO CITY","6158355","2024-05-11 00:00","2024","05","11","00:00","","12.6","","0.9","","45","","0.0","","","","","","","","99.52","","","","","","NA"
"-79.40","43.67","TORONTO CITY","6158355","2024-05-11 01:00","2024","05","11","01:00","","11.4","","2.5","","54","","0.0","","","","","","","","99.50","","","","","","NA"
"-79.40","43.67","TORONTO CITY","6158355","2024-05-11 02:00","2024","05","11","02:00","","12.0","","3.9","","58","","0.0","","","","","","","","99.46","","","","","","NA"
"-79.40","43.67","TORONTO CITY","6158355","2024-05-11 03:00","2024","05","11","03:00","","11.1","","6.0","","70","","0.0","","","","","","","","99.42","","","","","","NA"
"-79.40","43.67","TORONTO CITY","6158355","2024-05-11 04:00","2024","05","11","04:00","","10.0","","6.5","","79","","0.0","","","","","","","","99.41","","","","","","NA"
"-79.40","43.67","TORONTO CITY","6158355","2024-05-11 05:00","2024","05","11","05:00","","9.9","","6.8","","81","","0.0","","","","","","","","99.40","","","","","","NA"
"-79.40","43.67","TORONTO CITY","6158355","2024-05-11 06:00","2024","05","11","06:00","","10.4","","6.9","","79","","0.0","","","","","","","","99.38","","","","","","NA"
"-79.40","43.67","TORONTO CITY","6158355","2024-05-11 07:00","2024","05","11","07:00","","11.5","","7.8","","78","","0.0","","","","","","","","99.37","","","","","","NA"
"-79.40","43.67","TORONTO CITY","6158355","2024-05-11 08:00","2024","05","11","08:00","","11.8","","7.4","","74","","0.0","","","","","","","","99.35","","","","","","NA"
"-79.40","43.67","TORONTO CITY","6158355","2024-05-11 09:00","2024","05","11","09:00","","12.8","","7.2","","69","","0.0","","","","","","","","99.34","","","","","","NA"
"-79.40","43.67","TORONTO CITY","6158355","2024-05-11 10:00","2024","05","11","10:00","","13.6","","6.2","","61","","0.0","","","","","","","","99.30","","","","","","NA"
"-79.40","43.67","TORONTO CITY","6158355","2024-05-11 11:00","2024","05","11","11:00","","13.9","","6.6","","61","","0.0","","","","","","","","99.24","","","","","","NA"
"-79.40","43.67","TORONTO CITY","6158355","2024-05-11 12:00","2024","05","11","12:00","","14.3","","6.6","","60","","0.0","","","","","","","","99.17","","","","","","NA"
"-79.40","43.67","TORONTO CITY","6158355","2024-05-11 13:00","2024","05","11","13:00","","13.4","","6.3","","62","","0.0","","","","","","","","99.15","","","","","","NA"
"-79.40","43.67","TORONTO CITY","6158355","2024-05-11 14:00","2024","05","11","14:00","","13.3","","7.9","","70","","0.0","","","","","","","","99.15","","","","","","NA"
"-79.40","43.67","TORONTO CITY","6158355","2024-05-11 15:00","2024","05","11","15:00","","12.4","","7.1","","70","","0.0","","","","","","","","99.18","","","","","","NA"
"-79.40","43.67","TORONTO CITY","6158355","2024-05-11 16:00","2024","05","11","16:00","","12.2","","7.5","","73","","0.0","","","","","","","","99.15","","","","","","NA"
"-79.40","43.67","TORONTO CITY","6158355","2024-05-11 17:00","2024","05","11","17:00","","11.9","","7.9","","77","","0.1","","","","","","","","99.15","","","","","","NA"
"-79.40","43.67","TORONTO CITY","6158355","2024-05-11 18:00","2024","05","11","18:00","","11.6","","7.3","","75","","0.0","","","","","","","","99.14","","","","","","NA"
"-79.40","43.67","TORONTO CITY","6158355","2024-05-11 19:00","2024","05","11","19:00","","10.6","","7.7","","82","","0.1","","","","","","","","99.16","","","","","","NA"
"-79.40","43.67","TORONTO CITY","6158355","2024-05-11 20:00","2024","05","11","20:00","","10.0","","8.3","","89","","1.7","","","","","","","","99.16","","","","","","NA"
"-79.40","43.67","TORONTO CITY","6158355","2024-05-11 21:00","2024","05","11","21:00","","10.2","","8.4","","88","","0.0","","","","","","","","99.18","","","","","","NA"
"-79.40","43.67","TORONTO CITY","6158355","2024-05-11 22:00","2024","05","11","22:00","","10.4","","8.5","","88","","0.0","","","","","","","","99.18","","","","","","NA"
"-79.40","43.67","TORONTO CITY","6158355","2024-05-11 23:00","2024","05","11","23:00","","10.5","","8.3","","87","","0.0","","","","","","","","99.20","","","","","","NA"
"-79.40","43.67","TORONTO CITY","6158355","2024-05-12 00:00","2024","05","12","00:00","","10.3","","8.2","","87","","0.0","","","","","","","","99.23","","","","","","NA"
"-79.40","43.67","TORONTO CITY","6158355","2024-05-12 01:00","2024","05","12","01:00","","10.4","","8.2","","86","","0.0","","","","","","","","99.24","","","","","","NA"
"-79.40","43.67","TORONTO CITY","6158355","2024-05-12 02:00","2024","05","12","02:00","","10.7","","8.2","","85","","0.0","","","","","","","","99.27","","","","","","NA"
"-79.40","43.67","TORONTO CITY","6158355","2024-05-12 03:00","2024","05","12","03:00","","10.6","","8.1","","84","","0.0","","","","","","","","99.32","","","","","","NA"
"-79.40","43.67","TORONTO CITY","6158355","2024-05-12 04:00","2024","05","12","04:00","","10.7","","7.8","","83","","0.0","","","","","","","","99.38","","","","","","NA"
"-79.40","43.67","TORONTO CITY","6158355","2024-05-12 05:00","2024","05","12","05:00","","10.8","","8.2","","84","","0.0","","","","","","","","99.45","","","","","","NA"
"-79.40","43.67","TORONTO CITY","6158355","2024-05-12 06:00","2024","05","12","06:00","","11.0","","7.9","","81","","0.0","","","","","","","","99.52","","","","","","NA"
"-79.40","43.67","TORONTO CITY","6158355","2024-05-12 07:00","2024","05","12","07:00","","11.8","","7.9","","77","","0.0","","","","","","","","99.61","","","","","","NA"
"-79.40","43.67","TORONTO CITY","6158355","2024-05-12 08:00","2024","05","12","08:00","","12.3","","8.1","","76","","0.0","","","","","","","","99.66","","","","","","NA"
"-79.40","43.67","TORONTO CITY","6158355","2024-05-12 09:00","2024","05","12","09:00","","13.2","","8.1","","71","","0.0","","","","","","","","99.70","","","","","","NA"
"-79.40","43.67","TORONTO CITY","6158355","2024-05-12 10:00","2024","05","12","10:00","","14.8","","6.9","","59","","0.0","","","","","","","","99.72","","","","","","NA"
"-79.40","43.67","TORONTO CITY","6158355","2024-05-12 11:00","2024","05","12","11:00","","16.4","","8.0","","58","","0.0","","","","","","","","99.76","","","","","","NA"
"-79.40","43.67","TORONTO CITY","6158355","2024-05-12 12:00","2024","05","12","12:00","","16.3","","6.7","","53","","0.0","","","","","","","","99.78","","","","","","NA"
"-79.40","43.67","TORONTO CITY","6158355","2024-05-12 13:00","2024","05","12","13:00","","15.0","","7.4","","60","","0.0","","","","","","","","99.80","","","","","","NA"
"-79.40","43.67","TORONTO CITY","6158355","2024-05-12 14:00","2024","05","12","14:00","","14.9","","7.1","","59","","0.0","","","","","","","","99.82","","","","","","NA"
"-79.40","43.67","TORONTO CITY","6158355","2024-05-12 15:00","2024","05","12","15:00","","16.8","","7.6","","55","","0.0","","","","","","","","99.79","","","","","","NA"
"-79.40","43.67","TORONTO CITY","6158355","2024-05-12 16:00","2024","05","12","16:00","","17.7","","7.2","","50","","0.0","","","","","","","","99.77","","","","","","NA"
"-79.40","43.67","TORONTO CITY","6158355","2024-05-12 17:00","2024","05","12","17:00","","17.1","","6.5","","50","","0.0","","","","","","","","99.80","","","","","","NA"
"-79.40","43.67","TORONTO CITY","6158355","2024-05-12 18:00","2024","05","12","18:00","","15.5","","8.3","","62","","0.0","","","","","","","","99.80","","","","","","NA"
"-79.40","43.67","TORONTO CITY","6158355","2024-05-12 19:00","2024","05","12","19:00","","14.3","","8.0","","66","","0.0","","","","","","","","99.78","","","","","","NA"
"-79.40","43.67","TORONTO CITY","6158355","2024-05-12 20:00","2024","05","12","20:00","","14.3","","8.3","","67","","0.0","","","","","","","","99.80","","","","","","NA"
"-79.40","43.67","TORONTO CITY","6158355","2024-05-12 21:00","2024","05","12","21:00","","13.9","","8.1","","68","","0.0","","","","","","","","99.86","","","","","","NA"
"-79.40","43.67","TORONTO CITY","6158355","2024-05-12 22:00","2024","05","12","22:00","","13.3","","8.4","","72","","0.0","","","","","","","","99.87","","","","","","NA"
"-79.40","43.67","TORONTO CITY","6158355","2024-05-12 23:00","2024","05","12","23:00","","13.5","","8.3","","71","","0.0","","","","","","","","99.87","","","","","","NA"
"-79.40","43.67","TORONTO CITY","6158355","2024-05-13 00:00","2024","05","13","00:00","","13.4","","6.9","","65","","0.0","","","","","","","","99.87","","","","","","NA"
"-79.40","43.67","TORONTO CITY","6158355","2024-05-13 01:00","2024","05","13","01:00","","12.5","","6.6","","67","","0.0","","","","","","","","99.86","","","","","","NA"
"-79.40","43.67","TORONTO CITY","6158355","2024-05-13 02:00","2024","05","13","02:00","","12.1","","5.8","","65","","0.0","","","","","","","","99.78","","","","","","NA"
"-79.40","43.67","TORONTO CITY","6158355","2024-05-13 03:00","2024","05","13","03:00","","11.3","","6.3","","71","","0.0","","","","","","","","99.77","","","","","","NA"
"-79.40","43.67","TORONTO CITY","6158355","2024-05-13 04:00","2024","05","13","04:00","","11.6","","6.5","","71","","0.0","","","","","","","","99.80","","","","","","NA"
"-79.40","43.67","TORONTO CITY","6158355","2024-05-13 05:00","2024","05","13","05:00","","12.1","","7.0","","71","","0.1","","","","","","","","99.66","","","","","","NA"
"-79.40","43.67","TORONTO CITY","6158355","2024-05-13 06:00","2024","05","13","06:00","","12.4","","7.3","","71","","0.0","","","","","","","","99.69","","","","","","NA"
"-79.40","43.67","TORONTO CITY","6158355","2024-05-13 07:00","2024","05","13","07:00","","12.3","","7.6","","73","","0.0","","","","","","","","99.75","","","","","","NA"
"-79.40","43.67","TORONTO CITY","6158355","2024-05-13 08:00","2024","05","13","08:00","","12.7","","9.1","","79","","0.3","","","","","","","","99.67","","","","","","NA"
"-79.40","43.67","TORONTO CITY","6158355","2024-05-13 09:00","2024","05","13","09:00","","14.5","","9.1","","70","","0.0","","","","","","","","99.67","","","","","","NA"
"-79.40","43.67","TORONTO CITY","6158355","2024-05-13 10:00","2024","05","13","10:00","","16.7","","9.5","","62","","0.0","","","","","","","","99.67","","","","","","NA"
"-79.40","43.67","TORONTO CITY","6158355","2024-05-13 11:00","2024","05","13","11:00","","17.0","","9.8","","62","","0.0","","","","","","","","99.60","","","","","","NA"
"-79.40","43.67","TORONTO CITY","6158355","2024-05-13 12:00","2024","05","13","12:00","","16.0","","10.7","","71","","0.0","","","","","","","","99.62","","","","","","NA"
"-79.40","43.67","TORONTO CITY","6158355","2024-05-13 13:00","2024","05","13","13:00","","16.8","","11.6","","71","","0.0","","","","","","","","99.56","","","","","","NA"
"-79.40","43.67","TORONTO CITY","6158355","2024-05-13 14:00","2024","05","13","14:00","","18.0","","9.9","","59","","0.0","","","","","","","","99.55","","","","","","NA"
"-79.40","43.67","TORONTO CITY","6158355","2024-05-13 15:00","2024","05","13","15:00","","18.8","","11.7","","63","","0.0","","","","","","","","99.52","","","","","","NA"
"-79.40","43.67","TORONTO CITY","6158355","2024-05-13 16:00","2024","05","13","16:00","","20.7","","10.7","","53","","0.0","","","","","","","","99.46","","","","","","NA"
"-79.40","43.67","TORONTO CITY","6158355","2024-05-13 17:00","2024","05","13","17:00","","21.6","","11.3","","52","","0.0","","","","","","","","99.39","","","","","","NA"
"-79.40","43.67","TORONTO CITY","6158355","2024-05-13 18:00","2024","05","13","18:00","","19.4","","10.0","","55","","0.0","","","","","","","","99.40","","","","","","NA"
"-79.40","43.67","TORONTO CITY","6158355","2024-05-13 19:00","2024","05","13","19:00","","19.9","","11.4","","58","","0.0","","","","","","","","99.47","","","","","","NA"
"-79.40","43.67","TORONTO CITY","6158355","2024-05-13 20:00","2024","05","13","20:00","","18.9","","12.2","","65","","0.0","","","","","","","","99.51","","","","","","NA"
"-79.40","43.67","TORONTO CITY","6158355","2024-05-13 21:00","2024","05","13","21:00","","17.6","","12.8","","73","","0.0","","","","","","","","99.56","","","","","","NA"
"-79.40","43.67","TORONTO CITY","6158355","2024-05-13 22:00","2024","05","13","22:00","","16.9","","12.3","","74","","0.0","","","","","","","","99.57","","","","","","NA"
"-79.40","43.67","TORONTO CITY","6158355","2024-05-13 23:00","2024","05","13","23:00","","15.9","","12.0","","77","","0.0","","","","","","","","99.61","","","","","","NA"
"-79.40","43.67","TORONTO CITY","6158355","2024-05-14 00:00","2024","05","14","00:00","","15.7","","12.3","","80","","0.0","","","","","","","","99.63","","","","","","NA"
"-79.40","43.67","TORONTO CITY","6158355","2024-05-14 01:00","2024","05","14","01:00","","15.3","","12.0","","81","","0.0","","","","","","","","99.63","","","","","","NA"
"-79.40","43.67","TORONTO CITY","6158355","2024-05-14 02:00","2024","05","14","02:00","","15.1","","11.9","","81","","0.0","","","","","","","","99.62","","","","","","NA"
"-79.40","43.67","TORONTO CITY","6158355","2024-05-14 03:00","2024","05","14","03:00","","14.9","","11.8","","82","","0.0","","","","","","","","99.57","","","","","","NA"
"-79.40","43.67","TORONTO CITY","6158355","2024-05-14 04:00","2024","05","14","04:00","","14.6","","11.9","","84","","0.0","","","","","","","","99.52","","","","","","NA"
"-79.40","43.67","TORONTO CITY","6158355","2024-05-14 05:00","2024","05","14","05:00","","15.0","","12.2","","84","","0.0","","","","","","","","99.54","","","","","","NA"
"-79.40","43.67","TORONTO CITY","6158355","2024-05-14 06:00","2024","05","14","06:00","","14.9","","12.4","","85","","0.1","","","","","","","","99.65","","","","","","NA"
"-79.40","43.67","TORONTO CITY","6158355","2024-05-14 07:00","2024","05","14","07:00","","15.3","","13.2","","87","","0.1","","","","","","","","99.68","","","","","","NA"
"-79.40","43.67","TORONTO CITY","6158355","2024-05-14 08:00","2024","05","14","08:00","","15.9","","13.4","","85","","0.0","","","","","","","","99.72","","","","","","NA"
"-79.40","43.67","TORONTO CITY","6158355","2024-05-14 09:00","2024","05","14","09:00","","17.5","","12.7","","73","","0.0","","","","","","","","99.74","","","","","","NA"
"-79.40","43.67","TORONTO CITY","6158355","2024-05-14 10:00","2024","05","14","10:00","","20.2","","14.1","","68","","0.0","","","","","","","","99.73","","","","","","NA"
"-79.40","43.67","TORONTO CITY","6158355","2024-05-14 11:00","2024","05","14","11:00","","20.4","","13.6","","65","","0.0","","","","","","","","99.75","","","","","","NA"
"-79.40","43.67","TORONTO CITY","6158355","2024-05-14 12:00","2024","05","14","12:00","","19.5","","12.6","","64","","0.0","","","","","","","","99.73","","","","","","NA"
"-79.40","43.67","TORONTO CITY","6158355","2024-05-14 13:00","2024","05","14","13:00","","20.2","","11.9","","59","","0.0","","","","","","","","99.73","","","","","","NA"
"-79.40","43.67","TORONTO CITY","6158355","2024-05-14 14:00","2024","05","14","14:00","","21.1","","13.4","","61","","0.0","","","","","","","","99.68","","","","","","NA"
"-79.40","43.67","TORONTO CITY","6158355","2024-05-14 15:00","2024","05","14","15:00","","20.8","","10.2","","51","","0.0","","","","","","","","99.65","","","","","","NA"
"-79.40","43.67","TORONTO CITY","6158355","2024-05-14 16:00","2024","05","14","16:00","","20.7","","8.4","","45","","0.0","","","","","","","","99.61","","","","","","NA"
"-79.40","43.67","TORONTO CITY","6158355","2024-05-14 17:00","2024","05","14","17:00","","19.9","","6.5","","42","","0.0","","","","","","","","99.62","","","","","","NA"
"-79.40","43.67","TORONTO CITY","6158355","2024-05-14 18:00","2024","05","14","18:00","","19.3","","5.6","","41","","0.0","","","","","","","","99.65","","","","","","NA"
"-79.40","43.67","TORONTO CITY","6158355","2024-05-14 19:00","2024","05","14","19:00","","17.7","","7.7","","52","","0.0","","","","","","","","99.68","","","","","","NA"
"-79.40","43.67","TORONTO CITY","6158355","2024-05-14 20:00","2024","05","14","20:00","","17.0","","6.6","","50","","0.0","","","","","","","","99.70","","","","","","NA"
"-79.40","43.67","TORONTO CITY","6158355","2024-05-14 21:00","2024","05","14","21:00","","16.3","","7.8","","57","","0.0","","","","","","","","99.71","","","","","","NA"
"-79.40","43.67","TORONTO CITY","6158355","2024-05-14 22:00","2024","05","14","22:00","","15.5","","8.3","","62","","0.0","","","","","","","","99.68","","","","","","NA"
"-79.40","43.67","TORONTO CITY","6158355","2024-05-14 23:00","2024","05","14","23:00","","14.7","","8.3","","65","","0.0","","","","","","","","99.67","","","","","","NA"
"-79.40","43.67","TORONTO CITY","6158355","2024-05-15 00:00","2024","05","15","00:00","","14.4","","8.0","","65","","0.0","","","","","","","","99.64","","","","","","NA"
"-79.40","43.67","TORONTO CITY","6158355","2024-05-15 01:00","2024","05","15","01:00","","14.0","","7.9","","66","","0.0","","","","","","","","99.60","","","","","","NA"
"-79.40","43.67","TORONTO CITY","6158355","2024-05-15 02:00","2024","05","15","02:00","","14.0","","7.5","","65","","0.0","","","","","","","","99.63","","","","","","NA"
"-79.40","43.67","TORONTO CITY","6158355","2024-05-15 03:00","2024","05","15","03:00","","13.9","","7.3","","65","","0.0","","","","","","","","99.57","","","","","","NA"
"-79.40","43.67","TORONTO CITY","6158355","2024-05-15 04:00","2024","05","15","04:00","","13.9","","7.4","","65","","0.0","","","","","","","","99.57","","","","","","NA"
"-79.40","43.67","TORONTO CITY","6158355","2024-05-15 05:00","2024","05","15","05:00","","14.0","","7.4","","65","","0.0","","","","","","","","99.60","","","","","","NA"
"-79.40","43.67","TORONTO CITY","6158355","2024-05-15 06:00","2024","05","15","06:00","","14.0","","7.6","","65","","0.0","","","","","","","","99.62","","","","","","NA"
"-79.40","43.67","TORONTO CITY","6158355","2024-05-15 07:00","2024","05","15","07:00","","14.7","","8.9","","68","","0.0","","","","","","","","99.63","","","","","","NA"
"-79.40","43.67","TORONTO CITY","6158355","2024-05-15 08:00","2024","05","15","08:00","","16.1","","10.1","","67","","0.0","","","","","","","","99.67","","","","","","NA"
"-79.40","43.67","TORONTO CITY","6158355","2024-05-15 09:00","2024","05","15","09:00","","17.0","","11.9","","72","","0.0","","","","","","","","99.68","","","","","","NA"
"-79.40","43.67","TORONTO CITY","6158355","2024-05-15 10:00","2024","05","15","10:00","","16.6","","11.5","","72","","0.0","","","","","","","","99.71","","","","","","NA"
"-79.40","43.67","TORONTO CITY","6158355","2024-05-15 11:00","2024","05","15","11:00","","17.6","","12.2","","70","","0.0","","","","","","","","99.69","","","","","","NA"
"-79.40","43.67","TORONTO CITY","6158355","2024-05-15 12:00","2024","05","15","12:00","","19.1","","12.7","","67","","0.0","","","","","","","","99.66","","","","","","NA"
"-79.40","43.67","TORONTO CITY","6158355","2024-05-15 13:00","2024","05","15","13:00","","19.9","","12.4","","62","","0.0","","","","","","","","99.62","","","","","","NA"
"-79.40","43.67","TORONTO CITY","6158355","2024-05-15 14:00","2024","05","15","14:00","","19.1","","12.2","","65","","0.0","","","","","","","","99.60","","","","","","NA"
"-79.40","43.67","TORONTO CITY","6158355","2024-05-15 15:00","2024","05","15","15:00","","18.8","","12.1","","65","","0.0","","","","","","","","99.60","","","","","","NA"
"-79.40","43.67","TORONTO CITY","6158355","2024-05-15 16:00","2024","05","15","16:00","","19.3","","12.0","","63","","0.0","","","","","","","","99.58","","","","","","NA"
"-79.40","43.67","TORONTO CITY","6158355","2024-05-15 17:00","2024","05","15","17:00","","19.3","","12.3","","64","","0.0","","","","","","","","99.58","","","","","","NA"
"-79.40","43.67","TORONTO CITY","6158355","2024-05-15 18:00","2024","05","15","18:00","","18.5","","12.2","","67","","0.0","","","","","","","","99.57","","","","","","NA"
"-79.40","43.67","TORONTO CITY","6158355","2024-05-15 19:00","2024","05","15","19:00","","18.0","","11.9","","68","","0.0","","","","","","","","99.63","","","","","","NA"
"-79.40","43.67","TORONTO CITY","6158355","2024-05-15 20:00","2024","05","15","20:00","","16.4","","11.7","","74","","0.0","","","","","","","","99.65","","","","","","NA"
"-79.40","43.67","TORONTO CITY","6158355","2024-05-15 21:00","2024","05","15","21:00","","15.6","","12.8","","84","","0.0","","","","","","","","99.72","","","","","","NA"
"-79.40","43.67","TORONTO CITY","6158355","2024-05-15 22:00","2024","05","15","22:00","","15.3","","12.8","","85","","0.0","","","","","","","","99.73","","","","","","NA"
"-79.40","43.67","TORONTO CITY","6158355","2024-05-15 23:00","2024","05","15","23:00","","14.7","","12.8","","88","","0.0","","","","","","","","99.73","","","","","","NA"
"-79.40","43.67","TORONTO CITY","6158355","2024-05-16 00:00","2024","05","16","00:00","","15.0","","12.8","","87","","0.0","","","","","","","","99.70","","","","","","NA"
"-79.40","43.67","TORONTO CITY","6158355","2024-05-16 01:00","2024","05","16","01:00","","14.6","","12.4","","87","","0.0","","","","","","","","99.65","","","","","","NA"
"-79.40","43.67","TORONTO CITY","6158355","2024-05-16 02:00","2024","05","16","02:00","","14.0","","12.6","","91","","0.0","","","","","","","","99.67","","","","","","NA"
"-79.40","43.67","TORONTO CITY","6158355","2024-05-16 03:00","2024","05","16","03:00","","14.7","","12.9","","89","","0.0","","","","","","","","99.69","","","","","","NA"
"-79.40","43.67","TORONTO CITY","6158355","2024-05-16 04:00","2024","05","16","04:00","","14.4","","12.0","","85","","0.0","","","","","","","","99.69","","","","","","NA"
"-79.40","43.67","TORONTO CITY","6158355","2024-05-16 05:00","2024","05","16","05:00","","14.5","","9.9","","74","","0.0","","","","","","","","99.70","","","","","","NA"
"-79.40","43.67","TORONTO CITY","6158355","2024-05-16 06:00","2024","05","16","06:00","","14.4","","9.9","","74","","0.0","","","","","","","","99.76","","","","","","NA"
"-79.40","43.67","TORONTO CITY","6158355","2024-05-16 07:00","2024","05","16","07:00","","16.0","","9.9","","67","","0.0","","","","","","","","99.79","","","","","","NA"
"-79.40","43.67","TORONTO CITY","6158355","2024-05-16 08:00","2024","05","16","08:00","","17.9","","9.9","","59","","0.0","","","","","","","","99.81","","","","","","NA"
"-79.40","43.67","TORONTO CITY","6158355","2024-05-16 09:00","2024","05","16","09:00","","19.3","","7.6","","47","","0.0","","","","","","","","99.85","","","","","","NA"
"-79.40","43.67","TORONTO CITY","6158355","2024-05-16 10:00","2024","05","16","10:00","","19.7","","9.0","","50","","0.0","","","","","","","","99.90","","","","","","NA"
"-79.40","43.67","TORONTO CITY","6158355","2024-05-16 11:00","2024","05","16","11:00","","19.5","","8.7","","50","","0.0","","","","","","","","99.86","","","","","","NA"
"-79.40","43.67","TORONTO CITY","6158355","2024-05-16 12:00","2024","05","16","12:00","","19.8","","9.0","","49","","0.0","","","","","","","","99.86","","","","","","NA"
"-79.40","43.67","TORONTO CITY","6158355","2024-05-16 13:00","2024","05","16","13:00","","20.0","","9.6","","51","","0.0","","","","","","","","99.80","","","","","","NA"
"-79.40","43.67","TORONTO CITY","6158355","2024-05-16 14:00","2024","05","16","14:00","","19.8","","11.4","","58","","0.0","","","","","","","","99.83","","","","","","NA"
"-79.40","43.67","TORONTO CITY","6158355","2024-05-16 15:00","2024","05","16","15:00","","20.0","","12.9","","64","","0.0","","","","","","","","99.81","","","","","","NA"
"-79.40","43.67","TORONTO CITY","6158355","2024-05-16 16:00","2024","05","16","16:00","","20.1","","13.4","","66","","0.0","","","","","","","","99.79","","","","","","NA"
"-79.40","43.67","TORONTO CITY","6158355","2024-05-16 17:00","2024","05","16","17:00","","19.1","","13.4","","70","","0.0","","","","","","","","99.78","","","","","","NA"
"-79.40","43.67","TORONTO CITY","6158355","2024-05-16 18:00","2024","05","16","18:00","","19.4","","13.0","","66","","0.0","","","","","","","","99.77","","","","","","NA"
"-79.40","43.67","TORONTO CITY","6158355","2024-05-16 19:00","2024","05","16","19:00","","19.1","","12.8","","67","","0.0","","","","","","","","99.78","","","","","","NA"
"-79.40","43.67","TORONTO CITY","6158355","2024-05-16 20:00","2024","05","16","20:00","","17.8","","12.9","","73","","0.0","","","","","","","","99.76","","","","","","NA"
"-79.40","43.67","TORONTO CITY","6158355","2024-05-16 21:00","2024","05","16","21:00","","16.8","","13.0","","78","","0.0","","","","","","","","99.77","","","","","","NA"
"-79.40","43.67","TORONTO CITY","6158355","2024-05-16 22:00","2024","05","16","22:00","","16.1","","13.1","","83","","0.0","","","","","","","","99.75","","","","","","NA"
"-79.40","43.67","TORONTO CITY","6158355","2024-05-16 23:00","2024","05","16","23:00","","16.1","","13.0","","82","","0.0","","","","","","","","99.77","","","","","","NA"
"-79.40","43.67","TORONTO CITY","6158355","2024-05-17 00:00","2024","05","17","00:00","","16.2","","12.9","","81","","0.0","","","","","","","","99.73","","","","","","NA"
"-79.40","43.67","TORONTO CITY","6158355","2024-05-17 01:00","2024","05","17","01:00","","16.0","","12.8","","81","","0.0","","","","","","","","99.73","","","","","","NA"
"-79.40","43.67","TORONTO CITY","6158355","2024-05-17 02:00","2024","05","17","02:00","","15.9","","12.9","","82","","0.0","","","","","","","","99.75","","","","","","NA"
"-79.40","43.67","TORONTO CITY","6158355","2024-05-17 03:00","2024","05","17","03:00","","15.9","","13.0","","83","","0.0","","","","","","","","99.74","","","","","","NA"
"-79.40","43.67","TORONTO CITY","6158355","2024-05-17 04:00","2024","05","17","04:00","","16.1","","13.0","","82","","0.0","","","","","","","","99.73","","","","","","NA"
"-79.40","43.67","TORONTO CITY","6158355","2024-05-17 05:00","2024","05","17","05:00","","15.7","","13.0","","84","","0.0","","","","","","","","99.73","","","","","","NA"
"-79.40","43.67","TORONTO CITY","6158355","2024-05-17 06:00","2024","05","17","06:00","","16.0","","13.1","","83","","0.0","","","","","","","","99.76","","","","","","NA"
"-79.40","43.67","TORONTO CITY","6158355","2024-05-17 07:00","2024","05","17","07:00","","15.9","","12.8","","82","","0.0","","","","","","","","99.78","","","","","","NA"
"-79.40","43.67","TORONTO CITY","6158355","2024-05-17 08:00","2024","05","17","08:00","","17.5","","13.4","","77","","0.0","","","","","","","","99.82","","","","","","NA"
"-79.40","43.67","TORONTO CITY","6158355","2024-05-17 09:00","2024","05","17","09:00","","18.0","","13.5","","75","","0.0","","","","","","","","99.84","","","","","","NA"
"-79.40","43.67","TORONTO CITY","6158355","2024-05-17 10:00","2024","05","17","10:00","","18.3","","13.6","","74","","0.0","","","","","","","","99.85","","","","","","NA"
"-79.40","43.67","TORONTO CITY","6158355","2024-05-17 11:00","2024","05","17","11:00","","18.1","","13.5","","74","","0.0","","","","","","","","99.87","","","","","","NA"
"-79.40","43.67","TORONTO CITY","6158355","2024-05-17 12:00","2024","05","17","12:00","","18.7","","13.1","","70","","0.0","","","","","","","","99.86","","","","","","NA"
"-79.40","43.67","TORONTO CITY","6158355","2024-05-17 13:00","2024","05","17","13:00","","19.5","","13.7","","69","","0.0","","","","","","","","99.83","","","","","","NA"
"-79.40","43.67","TORONTO CITY","6158355","2024-05-17 14:00","2024","05","17","14:00","","16.9","","15.2","","89","","2.8","","","","","","","","99.86","","","","","","NA"
"-79.40","43.67","TORONTO CITY","6158355","2024-05-17 15:00","2024","05","17","15:00","","17.6","","15.5","","88","","0.5","","","","","","","","99.77","","","","","","NA"
"-79.40","43.67","TORONTO CITY","6158355","2024-05-17 16:00","2024","05","17","16:00","","16.5","","14.3","","87","","0.2","","","","","","","","99.69","","","","","","NA"
"-79.40","43.67","TORONTO CITY","6158355","2024-05-17 17:00","2024","05","17","17:00","","17.1","","14.1","","83","","0.0","","","","","","","","99.69","","","","","","NA"
"-79.40","43.67","TORONTO CITY","6158355","2024-05-17 18:00","2024","05","17","18:00","","17.7","","14.3","","80","","0.0","","","","","","","","99.75","","","","","","NA"
"-79.40","43.67","TORONTO CITY","6158355","2024-05-17 19:00","2024","05","17","19:00","","16.7","","14.1","","85","","0.0","","","","","","","","99.83","","","","","","NA"
"-79.40","43.67","TORONTO CITY","6158355","2024-05-17 20:00","2024","05","17","20:00","","15.5","","13.2","","86","","0.0","","","","","","","","99.84","","","","","","NA"
"-79.40","43.67","TORONTO CITY","6158355","2024-05-17 21:00","2024","05","17","21:00","","15.6","","13.3","","86","","0.0","","","","","","","","99.83","","","","","","NA"
"-79.40","43.67","TORONTO CITY","6158355","2024-05-17 22:00","2024","05","17","22:00","","15.7","","13.6","","87","","0.0","","","","","","","","99.81","","","","","","NA"
"-79.40","43.67","TORONTO CITY","6158355","2024-05-17 23:00","2024","05","17","23:00","","16.3","","13.8","","85","","0.0","","","","","","","","99.82","","","","","","NA"
"-79.40","43.67","TORONTO CITY","6158355","2024-05-18 00:00","2024","05","18","00:00","","15.9","","13.6","","86","","0.0","","","","","","","","99.76","","","","","","NA"
"-79.40","43.67","TORONTO CITY","6158355","2024-05-18 01:00","2024","05","18","01:00","","15.9","","13.7","","87","","0.0","","","","","","","","99.73","","","","","","NA"
"-79.40","43.67","TORONTO CITY","6158355","2024-05-18 02:00","2024","05","18","02:00","","15.8","","14.0","","89","","0.0","","","","","","","","99.75","","","","","","NA"
"-79.40","43.67","TORONTO CITY","6158355","2024-05-18 03:00","2024","05","18","03:00","","15.5","","14.2","","92","","0.2","","","","","","","","99.80","","","","","","NA"
"-79.40","43.67","TORONTO CITY","6158355","2024-05-18 04:00","2024","05","18","04:00","","15.2","","14.1","","93","","0.2","","","","","","","","99.82","","","","","","NA"
"-79.40","43.67","TORONTO CITY","6158355","2024-05-18 05:00","2024","05","18","05:00","","15.3","","14.1","","92","","0.0","","","","","","","","99.89","","","","","","NA"
"-79.40","43.67","TORONTO CITY","6158355","2024-05-18 06:00","2024","05","18","06:00","","15.9","","14.4","","91","","0.0","","","","","","","","99.94","","","","","","NA"
"-79.40","43.67","TORONTO CITY","6158355","2024-05-18 07:00","2024","05","18","07:00","","16.6","","14.5","","88","","0.0","","","","","","","","99.95","","","","","","NA"
"-79.40","43.67","TORONTO CITY","6158355","2024-05-18 08:00","2024","05","18","08:00","","18.0","","14.3","","79","","0.0","","","","","","","","100.00","","","","","","NA"
"-79.40","43.67","TORONTO CITY","6158355","2024-05-18 09:00","2024","05","18","09:00","","18.8","","14.9","","78","","0.0","","","","","","","","100.04","","","","","","NA"
"-79.40","43.67","TORONTO CITY","6158355","2024-05-18 10:00","2024","05","18","10:00","","19.3","","13.9","","71","","0.0","","","","","","","","100.04","","","","","","NA"
"-79.40","43.67","TORONTO CITY","6158355","2024-05-18 11:00","2024","05","18","11:00","","19.9","","14.8","","72","","0.0","","","","","","","","100.04","","","","","","NA"
"-79.40","43.67","TORONTO CITY","6158355","2024-05-18 12:00","2024","05","18","12:00","","19.0","","14.8","","77","","0.0","","","","","","","","100.09","","","","","","NA"
"-79.40","43.67","TORONTO CITY","6158355","2024-05-18 13:00","2024","05","18","13:00","","18.7","","14.3","","76","","0.0","","","","","","","","100.07","","","","","","NA"
"-79.40","43.67","TORONTO CITY","6158355","2024-05-18 14:00","2024","05","18","14:00","","19.6","","14.6","","73","","0.0","","","","","","","","100.02","","","","","","NA"
"-79.40","43.67","TORONTO CITY","6158355","2024-05-18 15:00","2024","05","18","15:00","","19.9","","15.1","","74","","0.0","","","","","","","","100.02","","","","","","NA"
"-79.40","43.67","TORONTO CITY","6158355","2024-05-18 16:00","2024","05","18","16:00","","20.3","","14.7","","70","","0.0","","","","","","","","100.01","","","","","","NA"
"-79.40","43.67","TORONTO CITY","6158355","2024-05-18 17:00","2024","05","18","17:00","","18.8","","13.9","","73","","0.0","","","","","","","","100.00","","","","","","NA"
"-79.40","43.67","TORONTO CITY","6158355","2024-05-18 18:00","2024","05","18","18:00","","19.1","","14.0","","72","","0.0","","","","","","","","100.00","","","","","","NA"
"-79.40","43.67","TORONTO CITY","6158355","2024-05-18 19:00","2024","05","18","19:00","","17.6","","13.8","","79","","0.0","","","","","","","","100.03","","","","","","NA"
"-79.40","43.67","TORONTO CITY","6158355","2024-05-18 20:00","2024","05","18","20:00","","16.8","","13.7","","82","","0.0","","","","","","","","100.01","","","","","","NA"
"-79.40","43.67","TORONTO CITY","6158355","2024-05-18 21:00","2024","05","18","21:00","","16.5","","13.9","","84","","0.0","","","","","","","","100.04","","","","","","NA"
"-79.40","43.67","TORONTO CITY","6158355","2024-05-18 22:00","2024","05","18","22:00","","15.8","","13.8","","88","","0.0","","","","","","","","100.04","","","","","","NA"
"-79.40","43.67","TORONTO CITY","6158355","2024-05-18 23:00","2024","05","18","23:00","","15.6","","13.9","","89","","0.0","","","","","","","","100.05","","","","","","NA"
"-79.40","43.67","TORONTO CITY","6158355","2024-05-19 00:00","2024","05","19","00:00","","15.2","","13.6","","91","","0.0","","","","","","","","100.08","","","","","","NA"
"-79.40","43.67","TORONTO CITY","6158355","2024-05-19 01:00","2024","05","19","01:00","","14.8","","13.6","","92","","0.0","","","","","","","","100.05","","","","","","NA"
"-79.40","43.67","TORONTO CITY","6158355","2024-05-19 02:00","2024","05","19","02:00","","14.7","","13.5","","93","","0.0","","","","","","","","100.03","","","","","","NA"
"-79.40","43.67","TORONTO CITY","6158355","2024-05-19 03:00","2024","05","19","03:00","","14.4","","13.3","","93","","0.0","","","","","","","","100.07","","","","","","NA"
"-79.40","43.67","TORONTO CITY","6158355","2024-05-19 04:00","2024","05","19","04:00","","14.3","","13.1","","93","","0.0","","","","","","","","100.07","","","","","","NA"
"-79.40","43.67","TORONTO CITY","6158355","2024-05-19 05:00","2024","05","19","05:00","","13.9","","12.8","","93","","0.0","","","","","","","","100.10","","","","","","NA"
"-79.40","43.67","TORONTO CITY","6158355","2024-05-19 06:00","2024","05","19","06:00","","13.5","","12.2","","92","","0.0","","","","","","","","100.17","","","","","","NA"
"-79.40","43.67","TORONTO CITY","6158355","2024-05-19 07:00","2024","05","19","07:00","","14.0","","13.1","","94","","0.0","","","","","","","","100.20","","","","","","NA"
"-79.40","43.67","TORONTO CITY","6158355","2024-05-19 08:00","2024","05","19","08:00","","16.7","","14.2","","85","","0.0","","","","","","","","100.24","","","","","","NA"
"-79.40","43.67","TORONTO CITY","6158355","2024-05-19 09:00","2024","05","19","09:00","","17.2","","14.3","","83","","0.0","","","","","","","","100.25","","","","","","NA"
"-79.40","43.67","TORONTO CITY","6158355","2024-05-19 10:00","2024","05","19","10:00","","18.2","","14.5","","79","","0.0","","","","","","","","100.26","","","","","","NA"
"-79.40","43.67","TORONTO CITY","6158355","2024-05-19 11:00","2024","05","19","11:00","","19.6","","14.6","","73","","0.0","","","","","","","","100.23","","","","","","NA"
"-79.40","43.67","TORONTO CITY","6158355","2024-05-19 12:00","2024","05","19","12:00","","20.3","","14.3","","68","","0.0","","","","","","","","100.22","","","","","","NA"
"-79.40","43.67","TORONTO CITY","6158355","2024-05-19 13:00","2024","05","19","13:00","","21.7","","14.8","","65","","0.0","","","","","","","","100.18","","26","","","","NA"
"-79.40","43.67","TORONTO CITY","6158355","2024-05-19 14:00","2024","05","19","14:00","","22.6","","14.8","","61","","0.0","","","","","","","","100.14","","26","","","","NA"
"-79.40","43.67","TORONTO CITY","6158355","2024-05-19 15:00","2024","05","19","15:00","","22.7","","14.3","","59","","0.0","","","","","","","","100.06","","26","","","","NA"
"-79.40","43.67","TORONTO CITY","6158355","2024-05-19 16:00","2024","05","19","16:00","","23.3","","14.0","","56","","0.0","","","","","","","","100.04","","27","","","","NA"
"-79.40","43.67","TORONTO CITY","6158355","2024-05-19 17:00","2024","05","19","17:00","","21.7","","13.3","","59","","0.0","","","","","","","","100.01","","25","","","","NA"
"-79.40","43.67","TORONTO CITY","6158355","2024-05-19 18:00","2024","05","19","18:00","","20.5","","13.3","","63","","0.0","","","","","","","","100.00","","","","","","NA"
"-79.40","43.67","TORONTO CITY","6158355","2024-05-19 19:00","2024","05","19","19:00","","19.5","","13.3","","67","","0.0","","","","","","","","100.02","","","","","","NA"
"-79.40","43.67","TORONTO CITY","6158355","2024-05-19 20:00","2024","05","19","20:00","","19.0","","13.4","","70","","0.0","","","","","","","","100.07","","","","","","NA"
"-79.40","43.67","TORONTO CITY","6158355","2024-05-19 21:00","2024","05","19","21:00","","19.5","","13.6","","69","","0.0","","","","","","","","100.09","","","","","","NA"
"-79.40","43.67","TORONTO CITY","6158355","2024-05-19 22:00","2024","05","19","22:00","","18.4","","13.8","","75","","0.0","","","","","","","","100.08","","","","","","NA"
"-79.40","43.67","TORONTO CITY","6158355","2024-05-19 23:00","2024","05","19","23:00","","18.4","","13.7","","74","","0.0","","","","","","","","100.11","","","","","","NA"
"-79.40","43.67","TORONTO CITY","6158355","2024-05-20 00:00","2024","05","20","00:00","","17.8","","13.6","","76","","0.0","","","","","","","","100.12","","","","","","NA"
"-79.40","43.67","TORONTO CITY","6158355","2024-05-20 01:00","2024","05","20","01:00","","17.5","","13.7","","78","","0.0","","","","","","","","100.12","","","","","","NA"
"-79.40","43.67","TORONTO CITY","6158355","2024-05-20 02:00","2024","05","20","02:00","","17.8","","11.6","","67","","0.0","","","","","","","","100.07","","","","","","NA"
"-79.40","43.67","TORONTO CITY","6158355","2024-05-20 03:00","2024","05","20","03:00","","16.4","","12.4","","77","","0.0","","","","","","","","100.11","","","","","","NA"
"-79.40","43.67","TORONTO CITY","6158355","2024-05-20 04:00","2024","05","20","04:00","","15.4","","13.3","","88","","0.0","","","","","","","","100.15","","","","","","NA"
"-79.40","43.67","TORONTO CITY","6158355","2024-05-20 05:00","2024","05","20","05:00","","15.2","","13.5","","90","","0.0","","","","","","","","100.16","","","","","","NA"
"-79.40","43.67","TORONTO CITY","6158355","2024-05-20 06:00","2024","05","20","06:00","","16.8","","13.1","","79","","0.0","","","","","","","","100.17","","","","","","NA"
"-79.40","43.67","TORONTO CITY","6158355","2024-05-20 07:00","2024","05","20","07:00","","18.3","","11.1","","62","","0.0","","","","","","","","100.21","","","","","","NA"
"-79.40","43.67","TORONTO CITY","6158355","2024-05-20 08:00","2024","05","20","08:00","","20.4","","7.4","","43","","0.0","","","","","","","","100.24","","","","","","NA"
"-79.40","43.67","TORONTO CITY","6158355","2024-05-20 09:00","2024","05","20","09:00","","22.5","","7.6","","38","","0.0","","","","","","","","100.22","","","","","","NA"
"-79.40","43.67","TORONTO CITY","6158355","2024-05-20 10:00","2024","05","20","10:00","","23.5","","9.6","","41","","0.0","","","","","","","","100.20","","25","","","","NA"
"-79.40","43.67","TORONTO CITY","6158355","2024-05-20 11:00","2024","05","20","11:00","","23.9","","8.3","","37","","0.0","","","","","","","","100.21","","","","","","NA"
"-79.40","43.67","TORONTO CITY","6158355","2024-05-20 12:00","2024","05","20","12:00","","24.6","","9.9","","39","","0.0","","","","","","","","100.17","","26","","","","NA"
"-79.40","43.67","TORONTO CITY","6158355","2024-05-20 13:00","2024","05","20","13:00","","25.4","","14.0","","49","","0.0","","","","","","","","100.09","","29","","","","NA"
"-79.40","43.67","TORONTO CITY","6158355","2024-05-20 14:00","2024","05","20","14:00","","26.4","","15.4","","51","","0.0","","","","","","","","100.05","","31","","","","NA"
"-79.40","43.67","TORONTO CITY","6158355","2024-05-20 15:00","2024","05","20","15:00","","27.1","","15.7","","50","","0.0","","","","","","","","99.96","","32","","","","NA"
"-79.40","43.67","TORONTO CITY","6158355","2024-05-20 16:00","2024","05","20","16:00","","26.3","","15.1","","50","","0.0","","","","","","","","99.90","","30","","","","NA"
"-79.40","43.67","TORONTO CITY","6158355","2024-05-20 17:00","2024","05","20","17:00","","24.3","","13.4","","51","","0.0","","","","","","","","99.85","","27","","","","NA"
"-79.40","43.67","TORONTO CITY","6158355","2024-05-20 18:00","2024","05","20","18:00","","23.7","","13.6","","53","","0.0","","","","","","","","100.04","","27","","","","NA"
"-79.40","43.67","TORONTO CITY","6158355","2024-05-20 19:00","2024","05","20","19:00","","22.8","","15.3","","63","","0.0","","","","","","","","99.89","","27","","","","NA"
"-79.40","43.67","TORONTO CITY","6158355","2024-05-20 20:00","2024","05","20","20:00","","21.8","","13.1","","58","","0.0","","","","","","","","99.83","","25","","","","NA"
"-79.40","43.67","TORONTO CITY","6158355","2024-05-20 21:00","2024","05","20","21:00","","21.2","","13.0","","60","","0.0","","","","","","","","99.88","","","","","","NA"
"-79.40","43.67","TORONTO CITY","6158355","2024-05-20 22:00","2024","05","20","22:00","","20.2","","13.1","","63","","0.0","","","","","","","","99.89","","","","","","NA"
"-79.40","43.67","TORONTO CITY","6158355","2024-05-20 23:00","2024","05","20","23:00","","19.4","","13.4","","68","","0.0","","","","","","","","99.84","","","","","","NA"
"-79.40","43.67","TORONTO CITY","6158355","2024-05-21 00:00","2024","05","21","00:00","","19.1","","13.7","","71","","0.0","","","","","","","","99.80","","","","","","NA"
"-79.40","43.67","TORONTO CITY","6158355","2024-05-21 01:00","2024","05","21","01:00","","18.9","","13.9","","73","","0.0","","","","","","","","99.75","","","","","","NA"
"-79.40","43.67","TORONTO CITY","6158355","2024-05-21 02:00","2024","05","21","02:00","","19.8","","14.2","","70","","0.0","","","","","","","","99.77","","","","","","NA"
"-79.40","43.67","TORONTO CITY","6158355","2024-05-21 03:00","2024","05","21","03:00","","20.0","","14.4","","70","","0.0","","","","","","","","99.79","","","","","","NA"
"-79.40","43.67","TORONTO CITY","6158355","2024-05-21 04:00","2024","05","21","04:00","","19.7","","15.8","","78","","0.0","","","","","","","","99.74","","","","","","NA"
"-79.40","43.67","TORONTO CITY","6158355","2024-05-21 05:00","2024","05","21","05:00","","19.3","","15.7","","80","","0.0","","","","","","","","99.75","","","","","","NA"
"-79.40","43.67","TORONTO CITY","6158355","2024-05-21 06:00","2024","05","21","06:00","","19.2","","15.6","","80","","0.0","","","","","","","","99.82","","","","","","NA"
"-79.40","43.67","TORONTO CITY","6158355","2024-05-21 07:00","2024","05","21","07:00","","19.8","","15.3","","76","","0.0","","","","","","","","99.87","","","","","","NA"
"-79.40","43.67","TORONTO CITY","6158355","2024-05-21 08:00","2024","05","21","08:00","","21.2","","15.6","","70","","0.0","","","","","","","","99.86","","26","","","","NA"
"-79.40","43.67","TORONTO CITY","6158355","2024-05-21 09:00","2024","05","21","09:00","","22.3","","14.8","","63","","0.0","","","","","","","","99.82","","26","","","","NA"
"-79.40","43.67","TORONTO CITY","6158355","2024-05-21 10:00","2024","05","21","10:00","","23.0","","15.0","","61","","0.0","","","","","","","","99.77","","27","","","","NA"
"-79.40","43.67","TORONTO CITY","6158355","2024-05-21 11:00","2024","05","21","11:00","","24.1","","15.4","","58","","0.0","","","","","","","","99.76","","28","","","","NA"
"-79.40","43.67","TORONTO CITY","6158355","2024-05-21 12:00","2024","05","21","12:00","","24.7","","16.4","","60","","0.0","","","","","","","","99.69","","30","","","","NA"
"-79.40","43.67","TORONTO CITY","6158355","2024-05-21 13:00","2024","05","21","13:00","","27.9","","18.2","","56","","0.0","","","","","","","","99.61","","34","","","","NA"
"-79.40","43.67","TORONTO CITY","6158355","2024-05-21 14:00","2024","05","21","14:00","","24.3","","15.8","","59","","0.0","","","","","","","","99.64","","29","","","","NA"
"-79.40","43.67","TORONTO CITY","6158355","2024-05-21 15:00","2024","05","21","15:00","","28.3","","17.1","","51","","0.0","","","","","","","","99.63","","34","","","","NA"
"-79.40","43.67","TORONTO CITY","6158355","2024-05-21 16:00","2024","05","21","16:00","","29.8","","15.0","","41","","0.0","","","","","","","","99.58","","34","","","","NA"
"-79.40","43.67","TORONTO CITY","6158355","2024-05-21 17:00","2024","05","21","17:00","","28.6","","14.2","","41","","0.0","","","","","","","","99.57","","32","","","","NA"
"-79.40","43.67","TORONTO CITY","6158355","2024-05-21 18:00","2024","05","21","18:00","","27.9","","15.6","","47","","0.0","","","","","","","","99.57","","32","","","","NA"
"-79.40","43.67","TORONTO CITY","6158355","2024-05-21 19:00","2024","05","21","19:00","","26.6","","15.7","","51","","0.0","","","","","","","","99.58","","31","","","","NA"
"-79.40","43.67","TORONTO CITY","6158355","2024-05-21 20:00","2024","05","21","20:00","","24.8","","15.9","","58","","0.0","","","","","","","","99.60","","29","","","","NA"
"-79.40","43.67","TORONTO CITY","6158355","2024-05-21 21:00","2024","05","21","21:00","","23.9","","16.2","","62","","0.0","","","","","","","","99.61","","29","","","","NA"
"-79.40","43.67","TORONTO CITY","6158355","2024-05-21 22:00","2024","05","21","22:00","","23.0","","16.4","","66","","0.0","","","","","","","","99.59","","28","","","","NA"
"-79.40","43.67","TORONTO CITY","6158355","2024-05-21 23:00","2024","05","21","23:00","","21.8","","16.3","","71","","0.0","","","","","","","","99.61","","27","","","","NA"
"-79.40","43.67","TORONTO CITY","6158355","2024-05-22 00:00","2024","05","22","00:00","","20.8","","16.0","","74","","0.0","","","","","","","","99.60","","25","","","","NA"
"-79.40","43.67","TORONTO CITY","6158355","2024-05-22 01:00","2024","05","22","01:00","","20.3","","16.0","","76","","0.0","","","","","","","","99.59","","25","","","","NA"
"-79.40","43.67","TORONTO CITY","6158355","2024-05-22 02:00","2024","05","22","02:00","","20.7","","16.2","","75","","0.0","","","","","","","","99.60","","25","","","","NA"
"-79.40","43.67","TORONTO CITY","6158355","2024-05-22 03:00","2024","05","22","03:00","","19.6","","15.8","","79","","0.0","","","","","","","","99.56","","","","","","NA"
"-79.40","43.67","TORONTO CITY","6158355","2024-05-22 04:00","2024","05","22","04:00","","18.9","","15.6","","81","","0.0","","","","","","","","99.51","","","","","","NA"
"-79.40","43.67","TORONTO CITY","6158355","2024-05-22 05:00","2024","05","22","05:00","","18.7","","15.6","","82","","0.0","","","","","","","","99.52","","","","","","NA"
"-79.40","43.67","TORONTO CITY","6158355","2024-05-22 06:00","2024","05","22","06:00","","19.6","","15.8","","79","","0.0","","","","","","","","99.51","","","","","","NA"
"-79.40","43.67","TORONTO CITY","6158355","2024-05-22 07:00","2024","05","22","07:00","","21.5","","15.8","","70","","0.0","","","","","","","","99.54","","26","","","","NA"
"-79.40","43.67","TORONTO CITY","6158355","2024-05-22 08:00","2024","05","22","08:00","","23.1","","16.1","","65","","0.0","","","","","","","","99.52","","28","","","","NA"
"-79.40","43.67","TORONTO CITY","6158355","2024-05-22 09:00","2024","05","22","09:00","","24.1","","16.7","","63","","0.0","","","","","","","","99.48","","29","","","","NA"
"-79.40","43.67","TORONTO CITY","6158355","2024-05-22 10:00","2024","05","22","10:00","","26.0","","16.3","","55","","0.0","","","","","","","","99.44","","31","","","","NA"
"-79.40","43.67","TORONTO CITY","6158355","2024-05-22 11:00","2024","05","22","11:00","","26.3","","17.1","","57","","0.0","","","","","","","","99.42","","32","","","","NA"
"-79.40","43.67","TORONTO CITY","6158355","2024-05-22 12:00","2024","05","22","12:00","","28.1","","17.5","","53","","0.0","","","","","","","","99.35","","34","","","","NA"
"-79.40","43.67","TORONTO CITY","6158355","2024-05-22 13:00","2024","05","22","13:00","","27.0","","17.3","","55","","0.0","","","","","","","","99.34","","32","","","","NA"
"-79.40","43.67","TORONTO CITY","6158355","2024-05-22 14:00","2024","05","22","14:00","","25.5","","16.5","","58","","0.0","","","","","","","","99.32","","30","","","","NA"
"-79.40","43.67","TORONTO CITY","6158355","2024-05-22 15:00","2024","05","22","15:00","","23.3","","15.6","","62","","0.0","","","","","","","","99.35","","28","","","","NA"
"-79.40","43.67","TORONTO CITY","6158355","2024-05-22 16:00","2024","05","22","16:00","","22.9","","16.5","","67","","0.0","","","","","","","","99.27","","28","","","","NA"
"-79.40","43.67","TORONTO CITY","6158355","2024-05-22 17:00","2024","05","22","17:00","","24.4","","17.8","","67","","0.0","","","","","","","","99.25","","30","","","","NA"
"-79.40","43.67","TORONTO CITY","6158355","2024-05-22 18:00","2024","05","22","18:00","","24.6","","18.0","","67","","0.0","","","","","","","","99.22","","31","","","","NA"
"-79.40","43.67","TORONTO CITY","6158355","2024-05-22 19:00","2024","05","22","19:00","","23.3","","17.2","","69","","0.0","","","","","","","","99.18","","29","","","","NA"
"-79.40","43.67","TORONTO CITY","6158355","2024-05-22 20:00","2024","05","22","20:00","","23.6","","17.5","","69","","0.0","","","","","","","","99.20","","29","","","","NA"
"-79.40","43.67","TORONTO CITY","6158355","2024-05-22 21:00","2024","05","22","21:00","","22.5","","17.0","","71","","0.0","","","","","","","","99.23","","28","","","","NA"
"-79.40","43.67","TORONTO CITY","6158355","2024-05-22 22:00","2024","05","22","22:00","","23.0","","16.8","","68","","0.0","","","","","","","","99.32","","28","","","","NA"
"-79.40","43.67","TORONTO CITY","6158355","2024-05-22 23:00","2024","05","22","23:00","","21.9","","13.3","","58","","0.0","","","","","","","","99.48","","25","","","","NA"
"-79.40","43.67","TORONTO CITY","6158355","2024-05-23 00:00","2024","05","23","00:00","","20.1","","11.7","","58","","0.0","","","","","","","","99.62","","","","","","NA"
"-79.40","43.67","TORONTO CITY","6158355","2024-05-23 01:00","2024","05","23","01:00","","19.4","","10.5","","57","","0.3","","","","","","","","99.67","","","","","","NA"
"-79.40","43.67","TORONTO CITY","6158355","2024-05-23 02:00","2024","05","23","02:00","","18.8","","9.7","","55","","0.0","","","","","","","","99.65","","","","","","NA"
"-79.40","43.67","TORONTO CITY","6158355","2024-05-23 03:00","2024","05","23","03:00","","18.5","","9.9","","57","","0.0","","","","","","","","99.64","","","","","","NA"
"-79.40","43.67","TORONTO CITY","6158355","2024-05-23 04:00","2024","05","23","04:00","","17.4","","10.1","","62","","0.0","","","","","","","","99.73","","","","","","NA"
"-79.40","43.67","TORONTO CITY","6158355","2024-05-23 05:00","2024","05","23","05:00","","16.8","","10.6","","67","","0.0","","","","","","","","99.78","","","","","","NA"
"-79.40","43.67","TORONTO CITY","6158355","2024-05-23 06:00","2024","05","23","06:00","","16.9","","11.1","","68","","0.0","","","","","","","","99.85","","","","","","NA"
"-79.40","43.67","TORONTO CITY","6158355","2024-05-23 07:00","2024","05","23","07:00","","18.1","","10.8","","62","","0.0","","","","","","","","99.90","","","","","","NA"
"-79.40","43.67","TORONTO CITY","6158355","2024-05-23 08:00","2024","05","23","08:00","","20.0","","8.8","","48","","0.0","","","","","","","","99.94","","","","","","NA"
"-79.40","43.67","TORONTO CITY","6158355","2024-05-23 09:00","2024","05","23","09:00","","21.9","","8.9","","44","","0.0","","","","","","","","99.97","","","","","","NA"
"-79.40","43.67","TORONTO CITY","6158355","2024-05-23 10:00","2024","05","23","10:00","","22.3","","9.2","","43","","0.0","","","","","","","","99.95","","","","","","NA"
"-79.40","43.67","TORONTO CITY","6158355","2024-05-23 11:00","2024","05","23","11:00","","23.1","","11.9","","49","","0.0","","","","","","","","99.93","","25","","","","NA"
"-79.40","43.67","TORONTO CITY","6158355","2024-05-23 12:00","2024","05","23","12:00","","23.2","","9.3","","41","","0.0","","","","","","","","99.87","","","","","","NA"
"-79.40","43.67","TORONTO CITY","6158355","2024-05-23 13:00","2024","05","23","13:00","","24.3","","9.8","","40","","0.0","","","","","","","","99.84","","25","","","","NA"
"-79.40","43.67","TORONTO CITY","6158355","2024-05-23 14:00","2024","05","23","14:00","","24.7","","9.6","","38","","0.0","","","","","","","","99.81","","26","","","","NA"
"-79.40","43.67","TORONTO CITY","6158355","2024-05-23 15:00","2024","05","23","15:00","","23.2","","11.1","","46","","0.0","","","","","","","","99.75","","25","","","","NA"
"-79.40","43.67","TORONTO CITY","6158355","2024-05-23 16:00","2024","05","23","16:00","","22.4","","10.2","","46","","0.0","","","","","","","","99.71","","","","","","NA"
"-79.40","43.67","TORONTO CITY","6158355","2024-05-23 17:00","2024","05","23","17:00","","25.5","","9.0","","35","","0.0","","","","","","","","99.69","","26","","","","NA"
"-79.40","43.67","TORONTO CITY","6158355","2024-05-23 18:00","2024","05","23","18:00","","25.2","","6.0","","29","","0.0","","","","","","","","99.70","","25","","","","NA"
"-79.40","43.67","TORONTO CITY","6158355","2024-05-23 19:00","2024","05","23","19:00","","24.0","","6.4","","32","","0.0","","","","","","","","99.68","","","","","","NA"
"-79.40","43.67","TORONTO CITY","6158355","2024-05-23 20:00","2024","05","23","20:00","","22.7","","6.8","","36","","0.0","","","","","","","","99.71","","","","","","NA"
"-79.40","43.67","TORONTO CITY","6158355","2024-05-23 21:00","2024","05","23","21:00","","21.0","","6.9","","40","","0.0","","","","","","","","99.74","","","","","","NA"
"-79.40","43.67","TORONTO CITY","6158355","2024-05-23 22:00","2024","05","23","22:00","","20.1","","7.6","","44","","0.0","","","","","","","","99.75","","","","","","NA"
"-79.40","43.67","TORONTO CITY","6158355","2024-05-23 23:00","2024","05","23","23:00","","18.7","","8.2","","51","","0.0","","","","","","","","99.73","","","","","","NA"
"-79.40","43.67","TORONTO CITY","6158355","2024-05-24 00:00","2024","05","24","00:00","","17.7","","8.9","","57","","0.0","","","","","","","","99.73","","","","","","NA"
"-79.40","43.67","TORONTO CITY","6158355","2024-05-24 01:00","2024","05","24","01:00","","17.9","","7.9","","52","","0.0","","","","","","","","99.72","","","","","","NA"
"-79.40","43.67","TORONTO CITY","6158355","2024-05-24 02:00","2024","05","24","02:00","","16.9","","7.7","","55","","0.0","","","","","","","","99.71","","","","","","NA"
"-79.40","43.67","TORONTO CITY","6158355","2024-05-24 03:00","2024","05","24","03:00","","16.6","","7.8","","56","","0.0","","","","","","","","99.70","","","","","","NA"
"-79.40","43.67","TORONTO CITY","6158355","2024-05-24 04:00","2024","05","24","04:00","","16.5","","7.8","","57","","0.0","","","","","","","","99.72","","","","","","NA"
"-79.40","43.67","TORONTO CITY","6158355","2024-05-24 05:00","2024","05","24","05:00","","15.3","","6.3","","55","","0.0","","","","","","","","99.77","","","","","","NA"
"-79.40","43.67","TORONTO CITY","6158355","2024-05-24 06:00","2024","05","24","06:00","","15.0","","5.5","","53","","0.0","","","","","","","","99.82","","","","","","NA"
"-79.40","43.67","TORONTO CITY","6158355","2024-05-24 07:00","2024","05","24","07:00","","16.0","","4.7","","47","","0.0","","","","","","","","99.83","","","","","","NA"
"-79.40","43.67","TORONTO CITY","6158355","2024-05-24 08:00","2024","05","24","08:00","","17.9","","4.4","","41","","0.0","","","","","","","","99.86","","","","","","NA"
"-79.40","43.67","TORONTO CITY","6158355","2024-05-24 09:00","2024","05","24","09:00","","19.4","","5.5","","40","","0.0","","","","","","","","99.82","","","","","","NA"
"-79.40","43.67","TORONTO CITY","6158355","2024-05-24 10:00","2024","05","24","10:00","","19.8","","8.5","","48","","0.0","","","","","","","","99.81","","","","","","NA"
"-79.40","43.67","TORONTO CITY","6158355","2024-05-24 11:00","2024","05","24","11:00","","19.4","","7.9","","47","","0.0","","","","","","","","99.85","","","","","","NA"
"-79.40","43.67","TORONTO CITY","6158355","2024-05-24 12:00","2024","05","24","12:00","","22.3","","8.6","","42","","0.0","","","","","","","","99.82","","","","","","NA"
"-79.40","43.67","TORONTO CITY","6158355","2024-05-24 13:00","2024","05","24","13:00","","23.8","","8.8","","38","","0.0","","","","","","","","99.82","","25","","","","NA"
"-79.40","43.67","TORONTO CITY","6158355","2024-05-24 14:00","2024","05","24","14:00","","26.1","","7.8","","31","","0.0","","","","","","","","99.77","","26","","","","NA"
"-79.40","43.67","TORONTO CITY","6158355","2024-05-24 15:00","2024","05","24","15:00","","26.9","","7.3","","29","","0.0","","","","","","","","99.70","","27","","","","NA"
"-79.40","43.67","TORONTO CITY","6158355","2024-05-24 16:00","2024","05","24","16:00","","26.4","","8.4","","32","","0.0","","","","","","","","99.73","","27","","","","NA"
"-79.40","43.67","TORONTO CITY","6158355","2024-05-24 17:00","2024","05","24","17:00","","25.4","","8.4","","34","","0.0","","","","","","","","99.74","","26","","","","NA"
"-79.40","43.67","TORONTO CITY","6158355","2024-05-24 18:00","2024","05","24","18:00","","24.6","","8.6","","36","","0.0","","","","","","","","99.70","","25","","","","NA"
"-79.40","43.67","TORONTO CITY","6158355","2024-05-24 19:00","2024","05","24","19:00","","23.1","","8.9","","40","","0.0","","","","","","","","99.73","","","","","","NA"
"-79.40","43.67","TORONTO CITY","6158355","2024-05-24 20:00","2024","05","24","20:00","","21.3","","8.4","","44","","0.0","","","","","","","","99.77","","","","","","NA"
"-79.40","43.67","TORONTO CITY","6158355","2024-05-24 21:00","2024","05","24","21:00","","19.7","","9.0","","50","","0.0","","","","","","","","99.83","","","","","","NA"
"-79.40","43.67","TORONTO CITY","6158355","2024-05-24 22:00","2024","05","24","22:00","","18.3","","7.5","","49","","0.0","","","","","","","","99.84","","","","","","NA"
"-79.40","43.67","TORONTO CITY","6158355","2024-05-24 23:00","2024","05","24","23:00","","17.1","","7.8","","54","","0.0","","","","","","","","99.78","","","","","","NA"
"-79.40","43.67","TORONTO CITY","6158355","2024-05-25 00:00","2024","05","25","00:00","","16.7","","6.3","","50","","0.0","","","","","","","","99.81","","","","","","NA"
"-79.40","43.67","TORONTO CITY","6158355","2024-05-25 01:00","2024","05","25","01:00","","16.1","","5.6","","50","","0.0","","","","","","","","99.83","","","","","","NA"
"-79.40","43.67","TORONTO CITY","6158355","2024-05-25 02:00","2024","05","25","02:00","","15.5","","6.0","","53","","0.0","","","","","","","","99.82","","","","","","NA"
"-79.40","43.67","TORONTO CITY","6158355","2024-05-25 03:00","2024","05","25","03:00","","15.4","","6.3","","55","","0.0","","","","","","","","99.76","","","","","","NA"
"-79.40","43.67","TORONTO CITY","6158355","2024-05-25 04:00","2024","05","25","04:00","","14.8","","7.5","","61","","0.0","","","","","","","","99.73","","","","","","NA"
"-79.40","43.67","TORONTO CITY","6158355","2024-05-25 05:00","2024","05","25","05:00","","14.9","","8.7","","66","","0.0","","","","","","","","99.66","","","","","","NA"
"-79.40","43.67","TORONTO CITY","6158355","2024-05-25 06:00","2024","05","25","06:00","","14.5","","9.6","","72","","0.0","","","","","","","","99.73","","","","","","NA"
"-79.40","43.67","TORONTO CITY","6158355","2024-05-25 07:00","2024","05","25","07:00","","15.0","","9.4","","69","","0.0","","","","","","","","99.74","","","","","","NA"
"-79.40","43.67","TORONTO CITY","6158355","2024-05-25 08:00","2024","05","25","08:00","","15.0","","9.6","","70","","0.0","","","","","","","","99.83","","","","","","NA"
"-79.40","43.67","TORONTO CITY","6158355","2024-05-25 09:00","2024","05","25","09:00","","13.7","","10.7","","82","","1.9","","","","","","","","99.70","","","","","","NA"
"-79.40","43.67","TORONTO CITY","6158355","2024-05-25 10:00","2024","05","25","10:00","","13.9","","10.8","","81","","0.2","","","","","","","","99.76","","","","","","NA"
"-79.40","43.67","TORONTO CITY","6158355","2024-05-25 11:00","2024","05","25","11:00","","13.1","","11.3","","89","","2.4","","","","","","","","99.81","","","","","","NA"
"-79.40","43.67","TORONTO CITY","6158355","2024-05-25 12:00","2024","05","25","12:00","","13.2","","11.8","","91","","2.9","","","","","","","","99.67","","","","","","NA"
"-79.40","43.67","TORONTO CITY","6158355","2024-05-25 13:00","2024","05","25","13:00","","13.8","","11.9","","88","","0.0","","","","","","","","99.54","","","","","","NA"
"-79.40","43.67","TORONTO CITY","6158355","2024-05-25 14:00","2024","05","25","14:00","","15.3","","12.3","","82","","0.0","","","","","","","","99.69","","","","","","NA"
"-79.40","43.67","TORONTO CITY","6158355","2024-05-25 15:00","2024","05","25","15:00","","18.0","","13.9","","77","","0.0","","","","","","","","99.67","","","","","","NA"
"-79.40","43.67","TORONTO CITY","6158355","2024-05-25 16:00","2024","05","25","16:00","","18.7","","13.0","","70","","0.0","","","","","","","","99.67","","","","","","NA"
"-79.40","43.67","TORONTO CITY","6158355","2024-05-25 17:00","2024","05","25","17:00","","19.1","","14.1","","73","","0.0","","","","","","","","99.62","","","","","","NA"
"-79.40","43.67","TORONTO CITY","6158355","2024-05-25 18:00","2024","05","25","18:00","","18.4","","13.4","","73","","0.0","","","","","","","","99.60","","","","","","NA"
"-79.40","43.67","TORONTO CITY","6158355","2024-05-25 19:00","2024","05","25","19:00","","16.2","","12.6","","79","","0.0","","","","","","","","99.65","","","","","","NA"
"-79.40","43.67","TORONTO CITY","6158355","2024-05-25 20:00","2024","05","25","20:00","","15.3","","12.4","","83","","0.0","","","","","","","","99.68","","","","","","NA"
"-79.40","43.67","TORONTO CITY","6158355","2024-05-25 21:00","2024","05","25","21:00","","14.6","","12.4","","86","","0.0","","","","","","","","99.75","","","","","","NA"
"-79.40","43.67","TORONTO CITY","6158355","2024-05-25 22:00","2024","05","25","22:00","","15.0","","12.7","","86","","0.0","","","","","","","","99.84","","","","","","NA"
"-79.40","43.67","TORONTO CITY","6158355","2024-05-25 23:00","2024","05","25","23:00","","14.3","","12.4","","88","","0.0","","","","","","","","99.84","","","","","","NA"
"-79.40","43.67","TORONTO CITY","6158355","2024-05-26 00:00","2024","05","26","00:00","","14.1","","12.4","","90","","0.0","","","","","","","","99.86","","","","","","NA"
"-79.40","43.67","TORONTO CITY","6158355","2024-05-26 01:00","2024","05","26","01:00","","13.8","","12.4","","91","","0.0","","","","","","","","99.87","","","","","","NA"
"-79.40","43.67","TORONTO CITY","6158355","2024-05-26 02:00","2024","05","26","02:00","","13.3","","12.3","","93","","0.0","","","","","","","","99.89","","","","","","NA"
"-79.40","43.67","TORONTO CITY","6158355","2024-05-26 03:00","2024","05","26","03:00","","13.2","","12.2","","94","","0.0","","","","","","","","99.93","","","","","","NA"
"-79.40","43.67","TORONTO CITY","6158355","2024-05-26 04:00","2024","05","26","04:00","","13.7","","12.6","","93","","0.0","","","","","","","","99.93","","","","","","NA"
"-79.40","43.67","TORONTO CITY","6158355","2024-05-26 05:00","2024","05","26","05:00","","13.0","","11.9","","93","","0.0","","","","","","","","100.01","","","","","","NA"
"-79.40","43.67","TORONTO CITY","6158355","2024-05-26 06:00","2024","05","26","06:00","","13.6","","12.3","","92","","0.0","","","","","","","","100.03","","","","","","NA"
"-79.40","43.67","TORONTO CITY","6158355","2024-05-26 07:00","2024","05","26","07:00","","13.6","","11.3","","86","","0.0","","","","","","","","100.09","","","","","","NA"
"-79.40","43.67","TORONTO CITY","6158355","2024-05-26 08:00","2024","05","26","08:00","","15.4","","11.8","","79","","0.0","","","","","","","","100.10","","","","","","NA"
"-79.40","43.67","TORONTO CITY","6158355","2024-05-26 09:00","2024","05","26","09:00","","17.4","","11.8","","69","","0.0","","","","","","","","100.10","","","","","","NA"
"-79.40","43.67","TORONTO CITY","6158355","2024-05-26 10:00","2024","05","26","10:00","","18.3","","12.2","","67","","0.0","","","","","","","","100.09","","","","","","NA"
"-79.40","43.67","TORONTO CITY","6158355","2024-05-26 11:00","2024","05","26","11:00","","17.8","","12.9","","73","","0.0","","","","","","","","100.08","","","","","","NA"
"-79.40","43.67","TORONTO CITY","6158355","2024-05-26 12:00","2024","05","26","12:00","","19.1","","13.4","","70","","0.0","","","","","","","","100.06","","","","","","NA"
"-79.40","43.67","TORONTO CITY","6158355","2024-05-26 13:00","2024","05","26","13:00","","19.3","","13.7","","70","","0.0","","","","","","","","100.06","","","","","","NA"
"-79.40","43.67","TORONTO CITY","6158355","2024-05-26 14:00","2024","05","26","14:00","","20.9","","14.0","","65","","0.0","","","","","","","","99.99","","","","","","NA"
"-79.40","43.67","TORONTO CITY","6158355","2024-05-26 15:00","2024","05","26","15:00","","21.7","","12.0","","54","","0.0","","","","","","","","99.87","","","","","","NA"
"-79.40","43.67","TORONTO CITY","6158355","2024-05-26 16:00","2024","05","26","16:00","","21.4","","9.4","","46","","0.0","","","","","","","","99.75","","","","","","NA"
"-79.40","43.67","TORONTO CITY","6158355","2024-05-26 17:00","2024","05","26","17:00","","20.3","","12.3","","60","","0.0","","","","","","","","99.70","","","","","","NA"
"-79.40","43.67","TORONTO CITY","6158355","2024-05-26 18:00","2024","05","26","18:00","","19.6","","12.9","","65","","0.0","","","","","","","","99.64","","","","","","NA"
"-79.40","43.67","TORONTO CITY","6158355","2024-05-26 19:00","2024","05","26","19:00","","18.7","","12.3","","66","","0.0","","","","","","","","99.51","","","","","","NA"
"-79.40","43.67","TORONTO CITY","6158355","2024-05-26 20:00","2024","05","26","20:00","","18.9","","11.5","","62","","0.0","","","","","","","","99.47","","","","","","NA"
"-79.40","43.67","TORONTO CITY","6158355","2024-05-26 21:00","2024","05","26","21:00","","18.8","","10.9","","60","","0.0","","","","","","","","99.41","","","","","","NA"
"-79.40","43.67","TORONTO CITY","6158355","2024-05-26 22:00","2024","05","26","22:00","","18.2","","11.5","","65","","0.0","","","","","","","","99.28","","","","","","NA"
"-79.40","43.67","TORONTO CITY","6158355","2024-05-26 23:00","2024","05","26","23:00","","17.8","","12.6","","71","","0.0","","","","","","","","99.15","","","","","","NA"
"-79.40","43.67","TORONTO CITY","6158355","2024-05-27 00:00","2024","05","27","00:00","","16.1","","13.4","","84","","0.7","","","","","","","","99.09","","","","","","NA"
"-79.40","43.67","TORONTO CITY","6158355","2024-05-27 01:00","2024","05","27","01:00","","15.8","","14.1","","90","","2.6","","","","","","","","98.93","","","","","","NA"
"-79.40","43.67","TORONTO CITY","6158355","2024-05-27 02:00","2024","05","27","02:00","","15.7","","14.6","","93","","8.1","","","","","","","","98.77","","","","","","NA"
"-79.40","43.67","TORONTO CITY","6158355","2024-05-27 03:00","2024","05","27","03:00","","16.2","","15.3","","94","","0.8","","","","","","","","98.66","","","","","","NA"
"-79.40","43.67","TORONTO CITY","6158355","2024-05-27 04:00","2024","05","27","04:00","","17.9","","16.1","","89","","0.4","","","","","","","","98.65","","","","","","NA"
"-79.40","43.67","TORONTO CITY","6158355","2024-05-27 05:00","2024","05","27","05:00","","17.1","","14.7","","86","","0.0","","","","","","","","98.69","","","","","","NA"
"-79.40","43.67","TORONTO CITY","6158355","2024-05-27 06:00","2024","05","27","06:00","","17.5","","15.4","","88","","0.0","","","","","","","","98.70","","","","","","NA"
"-79.40","43.67","TORONTO CITY","6158355","2024-05-27 07:00","2024","05","27","07:00","","17.9","","15.0","","83","","0.0","","","","","","","","98.68","","","","","","NA"
"-79.40","43.67","TORONTO CITY","6158355","2024-05-27 08:00","2024","05","27","08:00","","17.6","","15.4","","87","","0.0","","","","","","","","98.62","","","","","","NA"
"-79.40","43.67","TORONTO CITY","6158355","2024-05-27 09:00","2024","05","27","09:00","","17.6","","16.3","","92","","2.6","","","","","","","","98.56","","","","","","NA"
"-79.40","43.67","TORONTO CITY","6158355","2024-05-27 10:00","2024","05","27","10:00","","17.9","","16.9","","94","","8.8","","","","","","","","98.50","","","","","","NA"
"-79.40","43.67","TORONTO CITY","6158355","2024-05-27 11:00","2024","05","27","11:00","","18.2","","17.1","","94","","5.0","","","","","","","","98.49","","","","","","NA"
"-79.40","43.67","TORONTO CITY","6158355","2024-05-27 12:00","2024","05","27","12:00","","17.7","","16.6","","93","","1.4","","","","","","","","98.51","","","","","","NA"
"-79.40","43.67","TORONTO CITY","6158355","2024-05-27 13:00","2024","05","27","13:00","","19.3","","17.9","","91","","0.3","","","","","","","","98.50","","","","","","NA"
"-79.40","43.67","TORONTO CITY","6158355","2024-05-27 14:00","2024","05","27","14:00","","22.1","","17.1","","74","","0.0","","","","","","","","98.46","","27","","","","NA"
"-79.40","43.67","TORONTO CITY","6158355","2024-05-27 15:00","2024","05","27","15:00","","23.1","","15.6","","63","","0.0","","","","","","","","98.43","","27","","","","NA"
"-79.40","43.67","TORONTO CITY","6158355","2024-05-27 16:00","2024","05","27","16:00","","23.0","","14.3","","58","","0.0","","","","","","","","98.44","","27","","","","NA"
"-79.40","43.67","TORONTO CITY","6158355","2024-05-27 17:00","2024","05","27","17:00","","22.7","","13.2","","55","","0.0","","","","","","","","98.42","","26","","","","NA"
"-79.40","43.67","TORONTO CITY","6158355","2024-05-27 18:00","2024","05","27","18:00","","21.8","","15.2","","66","","0.0","","","","","","","","98.52","","26","","","","NA"
"-79.40","43.67","TORONTO CITY","6158355","2024-05-27 19:00","2024","05","27","19:00","","20.2","","13.7","","66","","0.0","","","","","","","","98.67","","","","","","NA"
"-79.40","43.67","TORONTO CITY","6158355","2024-05-27 20:00","2024","05","27","20:00","","19.2","","13.5","","70","","0.0","","","","","","","","98.74","","","","","","NA"
"-79.40","43.67","TORONTO CITY","6158355","2024-05-27 21:00","2024","05","27","21:00","","17.7","","14.2","","80","","0.0","","","","","","","","98.86","","","","","","NA"
"-79.40","43.67","TORONTO CITY","6158355","2024-05-27 22:00","2024","05","27","22:00","","17.3","","14.1","","81","","0.0","","","","","","","","98.89","","","","","","NA"
"-79.40","43.67","TORONTO CITY","6158355","2024-05-27 23:00","2024","05","27","23:00","","17.4","","13.4","","77","","0.0","","","","","","","","98.92","","","","","","NA"
"-79.40","43.67","TORONTO CITY","6158355","2024-05-28 00:00","2024","05","28","00:00","","15.6","","13.3","","86","","0.3","","","","","","","","98.97","","","","","","NA"
"-79.40","43.67","TORONTO CITY","6158355","2024-05-28 01:00","2024","05","28","01:00","","15.3","","13.9","","91","","0.7","","","","","","","","98.97","","","","","","NA"
"-79.40","43.67","TORONTO CITY","6158355","2024-05-28 02:00","2024","05","28","02:00","","15.5","","14.3","","93","","0.0","","","","","","","","98.98","","","","","","NA"
"-79.40","43.67","TORONTO CITY","6158355","2024-05-28 03:00","2024","05","28","03:00","","15.2","","13.2","","88","","0.0","","","","","","","","99.02","","","","","","NA"
"-79.40","43.67","TORONTO CITY","6158355","2024-05-28 04:00","2024","05","28","04:00","","15.5","","13.0","","85","","0.0","","","","","","","","99.06","","","","","","NA"
"-79.40","43.67","TORONTO CITY","6158355","2024-05-28 05:00","2024","05","28","05:00","","15.8","","12.6","","81","","0.0","","","","","","","","99.14","","","","","","NA"
"-79.40","43.67","TORONTO CITY","6158355","2024-05-28 06:00","2024","05","28","06:00","","16.0","","12.3","","79","","0.0","","","","","","","","99.20","","","","","","NA"
"-79.40","43.67","TORONTO CITY","6158355","2024-05-28 07:00","2024","05","28","07:00","","16.4","","12.3","","77","","0.0","","","","","","","","99.26","","","","","","NA"
"-79.40","43.67","TORONTO CITY","6158355","2024-05-28 08:00","2024","05","28","08:00","","17.4","","12.5","","73","","0.0","","","","","","","","99.31","","","","","","NA"
"-79.40","43.67","TORONTO CITY","6158355","2024-05-28 09:00","2024","05","28","09:00","","17.8","","12.0","","69","","0.0","","","","","","","","99.37","","","","","","NA"
"-79.40","43.67","TORONTO CITY","6158355","2024-05-28 10:00","2024","05","28","10:00","","18.6","","11.9","","65","","0.0","","","","","","","","99.42","","","","","","NA"
"-79.40","43.67","TORONTO CITY","6158355","2024-05-28 11:00","2024","05","28","11:00","","19.3","","12.1","","63","","0.0","","","","","","","","99.46","","","","","","NA"
"-79.40","43.67","TORONTO CITY","6158355","2024-05-28 12:00","2024","05","28","12:00","","19.4","","13.4","","68","","0.3","","","","","","","","99.46","","","","","","NA"
"-79.40","43.67","TORONTO CITY","6158355","2024-05-28 13:00","2024","05","28","13:00","","16.9","","13.4","","80","","0.4","","","","","","","","99.51","","","","","","NA"
"-79.40","43.67","TORONTO CITY","6158355","2024-05-28 14:00","2024","05","28","14:00","","16.5","","14.4","","87","","0.8","","","","","","","","99.54","","","","","","NA"
"-79.40","43.67","TORONTO CITY","6158355","2024-05-28 15:00","2024","05","28","15:00","","17.2","","14.4","","84","","0.0","","","","","","","","99.59","","","","","","NA"
"-79.40","43.67","TORONTO CITY","6158355","2024-05-28 16:00","2024","05","28","16:00","","17.8","","13.2","","74","","0.0","","","","","","","","99.61","","","","","","NA"
"-79.40","43.67","TORONTO CITY","6158355","2024-05-28 17:00","2024","05","28","17:00","","15.6","","13.7","","89","","0.5","","","","","","","","99.70","","","","","","NA"
"-79.40","43.67","TORONTO CITY","6158355","2024-05-28 18:00","2024","05","28","18:00","","15.4","","14.0","","91","","0.5","","","","","","","","99.75","","","","","","NA"
"-79.40","43.67","TORONTO CITY","6158355","2024-05-28 19:00","2024","05","28","19:00","","16.1","","14.7","","92","","0.4","","","","","","","","99.78","","","","","","NA"
"-79.40","43.67","TORONTO CITY","6158355","2024-05-28 20:00","2024","05","28","20:00","","16.2","","15.0","","93","","0.0","","","","","","","","99.83","","","","","","NA"
"-79.40","43.67","TORONTO CITY","6158355","2024-05-28 21:00","2024","05","28","21:00","","15.7","","13.7","","88","","0.0","","","","","","","","99.92","","","","","","NA"
"-79.40","43.67","TORONTO CITY","6158355","2024-05-28 22:00","2024","05","28","22:00","","14.9","","13.5","","91","","0.0","","","","","","","","99.93","","","","","","NA"
"-79.40","43.67","TORONTO CITY","6158355","2024-05-28 23:00","2024","05","28","23:00","","15.0","","13.5","","91","","0.0","","","","","","","","99.95","","","","","","NA"
"-79.40","43.67","TORONTO CITY","6158355","2024-05-29 00:00","2024","05","29","00:00","","14.8","","12.9","","89","","0.0","","","","","","","","99.94","","","","","","NA"
"-79.40","43.67","TORONTO CITY","6158355","2024-05-29 01:00","2024","05","29","01:00","","14.1","","11.8","","86","","0.0","","","","","","","","99.93","","","","","","NA"
"-79.40","43.67","TORONTO CITY","6158355","2024-05-29 02:00","2024","05","29","02:00","","14.4","","11.9","","85","","0.0","","","","","","","","99.94","","","","","","NA"
"-79.40","43.67","TORONTO CITY","6158355","2024-05-29 03:00","2024","05","29","03:00","","14.7","","11.6","","81","","0.0","","","","","","","","99.99","","","","","","NA"
"-79.40","43.67","TORONTO CITY","6158355","2024-05-29 04:00","2024","05","29","04:00","","14.6","","12.2","","85","","0.0","","","","","","","","100.03","","","","","","NA"
"-79.40","43.67","TORONTO CITY","6158355","2024-05-29 05:00","2024","05","29","05:00","","14.6","","11.5","","82","","0.1","","","","","","","","100.08","","","","","","NA"
"-79.40","43.67","TORONTO CITY","6158355","2024-05-29 06:00","2024","05","29","06:00","","14.7","","11.2","","80","","0.0","","","","","","","","100.14","","","","","","NA"
"-79.40","43.67","TORONTO CITY","6158355","2024-05-29 07:00","2024","05","29","07:00","","15.7","","11.2","","74","","0.0","","","","","","","","100.18","","","","","","NA"
"-79.40","43.67","TORONTO CITY","6158355","2024-05-29 08:00","2024","05","29","08:00","","16.2","","7.9","","58","","0.0","","","","","","","","100.24","","","","","","NA"
"-79.40","43.67","TORONTO CITY","6158355","2024-05-29 09:00","2024","05","29","09:00","","17.1","","6.2","","49","","0.0","","","","","","","","100.28","","","","","","NA"
"-79.40","43.67","TORONTO CITY","6158355","2024-05-29 10:00","2024","05","29","10:00","","18.5","","6.2","","45","","0.0","","","","","","","","100.31","","","","","","NA"
"-79.40","43.67","TORONTO CITY","6158355","2024-05-29 11:00","2024","05","29","11:00","","18.8","","5.4","","42","","0.0","","","","","","","","100.30","","","","","","NA"
"-79.40","43.67","TORONTO CITY","6158355","2024-05-29 12:00","2024","05","29","12:00","","19.6","","5.9","","41","","0.0","","","","","","","","100.27","","","","","","NA"
"-79.40","43.67","TORONTO CITY","6158355","2024-05-29 13:00","2024","05","29","13:00","","20.5","","5.4","","37","","0.0","","","","","","","","100.23","","","","","","NA"
"-79.40","43.67","TORONTO CITY","6158355","2024-05-29 14:00","2024","05","29","14:00","","20.1","","2.8","","32","","0.0","","","","","","","","100.21","","","","","","NA"
"-79.40","43.67","TORONTO CITY","6158355","2024-05-29 15:00","2024","05","29","15:00","","20.2","","2.2","","30","","0.0","","","","","","","","100.22","","","","","","NA"
"-79.40","43.67","TORONTO CITY","6158355","2024-05-29 16:00","2024","05","29","16:00","","20.3","","4.7","","36","","0.0","","","","","","","","100.24","","","","","","NA"
"-79.40","43.67","TORONTO CITY","6158355","2024-05-29 17:00","2024","05","29","17:00","","19.2","","4.2","","37","","0.0","","","","","","","","100.25","","","","","","NA"
"-79.40","43.67","TORONTO CITY","6158355","2024-05-29 18:00","2024","05","29","18:00","","18.1","","5.0","","42","","0.0","","","","","","","","100.28","","","","","","NA"
"-79.40","43.67","TORONTO CITY","6158355","2024-05-29 19:00","2024","05","29","19:00","","16.7","","3.9","","42","","0.0","","","","","","","","100.35","","","","","","NA"
"-79.40","43.67","TORONTO CITY","6158355","2024-05-29 20:00","2024","05","29","20:00","","14.9","","1.5","","40","","0.0","","","","","","","","100.39","","","","","","NA"
"-79.40","43.67","TORONTO CITY","6158355","2024-05-29 21:00","2024","05","29","21:00","","14.1","","0.4","","39","","0.0","","","","","","","","100.40","","","","","","NA"
"-79.40","43.67","TORONTO CITY","6158355","2024-05-29 22:00","2024","05","29","22:00","","13.3","","1.0","","43","","0.0","","","","","","","","100.41","","","","","","NA"
"-79.40","43.67","TORONTO CITY","6158355","2024-05-29 23:00","2024","05","29","23:00","","13.2","","1.5","","45","","0.0","","","","","","","","100.43","","","","","","NA"
"-79.40","43.67","TORONTO CITY","6158355","2024-05-30 00:00","2024","05","30","00:00","","13.4","","2.2","","47","","0.0","","","","","","","","100.47","","","","","","NA"
"-79.40","43.67","TORONTO CITY","6158355","2024-05-30 01:00","2024","05","30","01:00","","12.8","","2.0","","48","","0.0","","","","","","","","100.51","","","","","","NA"
"-79.40","43.67","TORONTO CITY","6158355","2024-05-30 02:00","2024","05","30","02:00","","11.8","","2.4","","52","","0.0","","","","","","","","100.55","","","","","","NA"
"-79.40","43.67","TORONTO CITY","6158355","2024-05-30 03:00","2024","05","30","03:00","","11.0","","2.6","","56","","0.0","","","","","","","","100.59","","","","","","NA"
"-79.40","43.67","TORONTO CITY","6158355","2024-05-30 04:00","2024","05","30","04:00","","10.3","","3.5","","63","","0.0","","","","","","","","100.64","","","","","","NA"
"-79.40","43.67","TORONTO CITY","6158355","2024-05-30 05:00","2024","05","30","05:00","","9.9","","3.9","","67","","0.0","","","","","","","","100.71","","","","","","NA"
"-79.40","43.67","TORONTO CITY","6158355","2024-05-30 06:00","2024","05","30","06:00","","10.1","","4.6","","68","","0.0","","","","","","","","100.75","","","","","","NA"
"-79.40","43.67","TORONTO CITY","6158355","2024-05-30 07:00","2024","05","30","07:00","","12.6","","3.0","","52","","0.0","","","","","","","","100.80","","","","","","NA"
"-79.40","43.67","TORONTO CITY","6158355","2024-05-30 08:00","2024","05","30","08:00","","14.5","","2.8","","45","","0.0","","","","","","","","100.83","","","","","","NA"
"-79.40","43.67","TORONTO CITY","6158355","2024-05-30 09:00","2024","05","30","09:00","","15.5","","1.2","","38","","0.0","","","","","","","","100.82","","","","","","NA"
"-79.40","43.67","TORONTO CITY","6158355","2024-05-30 10:00","2024","05","30","10:00","","16.4","","0.4","","34","","0.0","","","","","","","","100.80","","","","","","NA"
"-79.40","43.67","TORONTO CITY","6158355","2024-05-30 11:00","2024","05","30","11:00","","17.1","","-0.4","","31","","0.0","","","","","","","","100.78","","","","","","NA"
"-79.40","43.67","TORONTO CITY","6158355","2024-05-30 12:00","2024","05","30","12:00","","18.4","","1.4","","32","","0.0","","","","","","","","100.73","","","","","","NA"
"-79.40","43.67","TORONTO CITY","6158355","2024-05-30 13:00","2024","05","30","13:00","","19.2","","3.6","","36","","0.0","","","","","","","","100.69","","","","","","NA"
"-79.40","43.67","TORONTO CITY","6158355","2024-05-30 14:00","2024","05","30","14:00","","19.2","","2.2","","32","","0.0","","","","","","","","100.68","","","","","","NA"
"-79.40","43.67","TORONTO CITY","6158355","2024-05-30 15:00","2024","05","30","15:00","","18.1","","1.9","","34","","0.0","","","","","","","","100.68","","","","","","NA"
"-79.40","43.67","TORONTO CITY","6158355","2024-05-30 16:00","2024","05","30","16:00","","18.3","","3.9","","39","","0.0","","","","","","","","100.70","","","","","","NA"
"-79.40","43.67","TORONTO CITY","6158355","2024-05-30 17:00","2024","05","30","17:00","","17.9","","3.8","","39","","0.0","","","","","","","","100.69","","","","","","NA"
"-79.40","43.67","TORONTO CITY","6158355","2024-05-30 18:00","2024","05","30","18:00","","18.6","","1.4","","31","","0.0","","","","","","","","100.71","","","","","","NA"
"-79.40","43.67","TORONTO CITY","6158355","2024-05-30 19:00","2024","05","30","19:00","","17.9","","2.1","","35","","0.0","","","","","","","","100.71","","","","","","NA"
"-79.40","43.67","TORONTO CITY","6158355","2024-05-30 20:00","2024","05","30","20:00","","15.9","","3.1","","42","","0.0","","","","","","","","100.74","","","","","","NA"
"-79.40","43.67","TORONTO CITY","6158355","2024-05-30 21:00","2024","05","30","21:00","","15.3","","2.5","","42","","0.0","","","","","","","","100.81","","","","","","NA"
"-79.40","43.67","TORONTO CITY","6158355","2024-05-30 22:00","2024","05","30","22:00","","14.1","","2.2","","44","","0.0","","","","","","","","100.82","","","","","","NA"
"-79.40","43.67","TORONTO CITY","6158355","2024-05-30 23:00","2024","05","30","23:00","","13.6","","2.0","","45","","0.0","","","","","","","","100.84","","","","","","NA"
"-79.40","43.67","TORONTO CITY","6158355","2024-05-31 00:00","2024","05","31","00:00","","13.2","","2.1","","47","","0.0","","","","","","","","100.85","","","","","","NA"
"-79.40","43.67","TORONTO CITY","6158355","2024-05-31 01:00","2024","05","31","01:00","","12.1","","2.0","","50","","0.0","","","","","","","","100.83","","","","","","NA"
"-79.40","43.67","TORONTO CITY","6158355","2024-05-31 02:00","2024","05","31","02:00","","11.7","","1.7","","50","","0.0","","","","","","","","100.81","","","","","","NA"
"-79.40","43.67","TORONTO CITY","6158355","2024-05-31 03:00","2024","05","31","03:00","","11.5","","2.2","","53","","0.0","","","","","","","","100.86","","","","","","NA"
"-79.40","43.67","TORONTO CITY","6158355","2024-05-31 04:00","2024","05","31","04:00","","10.2","","3.5","","63","","0.0","","","","","","","","100.92","","","","","","NA"
"-79.40","43.67","TORONTO CITY","6158355","2024-05-31 05:00","2024","05","31","05:00","","9.2","","4.6","","73","","0.0","","","","","","","","101.00","","","","","","NA"
"-79.40","43.67","TORONTO CITY","6158355","2024-05-31 06:00","2024","05","31","06:00","","10.4","","4.4","","66","","0.0","","","","","","","","101.10","","","","","","NA"
"-79.40","43.67","TORONTO CITY","6158355","2024-05-31 07:00","2024","05","31","07:00","","12.4","","5.2","","61","","0.0","","","","","","","","101.16","","","","","","NA"
"-79.40","43.67","TORONTO CITY","6158355","2024-05-31 08:00","2024","05","31","08:00","","15.6","","3.9","","45","","0.0","","","","","","","","101.18","","","","","","NA"
"-79.40","43.67","TORONTO CITY","6158355","2024-05-31 09:00","2024","05","31","09:00","","17.1","","6.7","","50","","0.0","","","","","","","","101.18","","","","","","NA"
"-79.40","43.67","TORONTO CITY","6158355","2024-05-31 10:00","2024","05","31","10:00","","18.5","","6.2","","45","","0.0","","","","","","","","101.15","","","","","","NA"
"-79.40","43.67","TORONTO CITY","6158355","2024-05-31 11:00","2024","05","31","11:00","","19.7","","3.1","","33","","0.0","","","","","","","","101.12","","","","","","NA"
"-79.40","43.67","TORONTO CITY","6158355","2024-05-31 12:00","2024","05","31","12:00","","20.7","","4.7","","35","","0.0","","","","","","","","101.06","","","","","","NA"
"-79.40","43.67","TORONTO CITY","6158355","2024-05-31 13:00","2024","05","31","13:00","","21.1","","4.7","","34","","0.0","","","","","","","","101.00","","","","","","NA"
"-79.40","43.67","TORONTO CITY","6158355","2024-05-31 14:00","2024","05","31","14:00","","22.0","","4.3","","31","","0.0","","","","","","","","100.96","","","","","","NA"
"-79.40","43.67","TORONTO CITY","6158355","2024-05-31 15:00","2024","05","31","15:00","","22.1","","4.1","","31","","0.0","","","","","","","","100.91","","","","","","NA"
"-79.40","43.67","TORONTO CITY","6158355","2024-05-31 16:00","2024","05","31","16:00","","22.6","","5.7","","33","","0.0","","","","","","","","100.87","","","","","","NA"
"-79.40","43.67","TORONTO CITY","6158355","2024-05-31 17:00","2024","05","31","17:00","","22.1","","6.0","","35","","0.0","","","","","","","","100.84","","","","","","NA"
"-79.40","43.67","TORONTO CITY","6158355","2024-05-31 18:00","2024","05","31","18:00","","21.2","","6.6","","39","","0.0","","","","","","","","100.81","","","","","","NA"
"-79.40","43.67","TORONTO CITY","6158355","2024-05-31 19:00","2024","05","31","19:00","","20.0","","8.2","","47","","0.0","","","","","","","","100.78","","","","","","NA"
"-79.40","43.67","TORONTO CITY","6158355","2024-05-31 20:00","2024","05","31","20:00","","18.7","","8.9","","53","","0.0","","","","","","","","100.77","","","","","","NA"
"-79.40","43.67","TORONTO CITY","6158355","2024-05-31 21:00","2024","05","31","21:00","","17.5","","8.4","","55","","0.0","","","","","","","","100.80","","","","","","NA"
"-79.40","43.67","TORONTO CITY","6158355","2024-05-31 22:00","2024","05","31","22:00","","15.5","","8.7","","64","","0.0","","","","","","","","100.84","","","","","","NA"
"-79.40","43.67","TORONTO CITY","6158355","2024-05-31 23:00","2024","05","31","23:00","","15.0","","9.5","","70","","0.0","","","","","","","","100.90","","","","","","NA"
